lat,lon,n_records,svf,n_buildings,street_width_m,hw_ratio,snapped_m,폭등급
35.1824,129.1033,142,0.475,37,44.3,0.85,0.0,큰길(12m+)
35.1831,129.1035,10,0.232,18,38.3,1.83,0.0,큰길(12m+)
35.1826,129.1033,82,0.301,34,20.7,3.11,3.0,큰길(12m+)
35.1824,129.1032,186,0.448,39,45.1,1.36,0.0,큰길(12m+)
35.1825,129.1032,45,0.377,36,38.5,1.74,0.0,큰길(12m+)
35.1831,129.1033,16,0.233,17,53.0,1.32,0.0,큰길(12m+)
35.1829,129.1033,52,0.244,21,54.1,1.29,0.0,큰길(12m+)
35.1829,129.1031,13,0.214,24,52.4,1.31,0.0,큰길(12m+)
35.1829,129.1036,3,0.237,20,44.4,1.58,0.0,큰길(12m+)
35.183,129.1035,20,0.255,20,54.0,1.3,0.0,큰길(12m+)
35.182,129.1031,23,0.796,59,23.2,0.42,0.0,큰길(12m+)
35.1827,129.1033,112,0.168,29,5.8,12.1,0.0,보행골목(<6m)
35.1831,129.1032,8,0.242,20,43.0,1.6,0.0,큰길(12m+)
35.1826,129.1038,8,0.333,25,15.6,4.13,0.0,큰길(12m+)
35.1823,129.1041,3,0.849,51,35.4,0.91,0.0,큰길(12m+)
35.1822,129.1047,2,0.914,72,32.6,0.17,0.0,큰길(12m+)
35.1823,129.1052,4,0.875,78,20.9,0.33,0.0,큰길(12m+)
35.1826,129.1058,1,0.92,65,40.8,0.27,0.0,큰길(12m+)
35.1828,129.1063,4,0.935,55,50.0,0.22,0.0,큰길(12m+)
35.183,129.1067,4,0.838,67,11.5,0.49,0.0,혼합골목(6-12m)
35.1834,129.1071,2,0.826,57,26.9,0.52,0.0,큰길(12m+)
35.1838,129.1071,3,0.941,56,27.9,0.2,0.0,큰길(12m+)
35.1844,129.1072,2,0.962,48,45.3,0.09,0.0,큰길(12m+)
35.1848,129.1072,1,0.97,63,38.3,0.11,0.0,큰길(12m+)
35.1852,129.1071,3,0.933,62,28.6,0.15,0.0,큰길(12m+)
35.1857,129.1071,2,0.758,80,27.7,0.86,0.0,큰길(12m+)
35.1861,129.1068,1,0.625,92,18.4,0.91,0.0,큰길(12m+)
35.1864,129.1064,1,0.671,106,9.8,0.57,0.0,혼합골목(6-12m)
35.1868,129.1064,1,0.919,107,36.9,0.15,0.0,큰길(12m+)
35.1872,129.1063,1,0.775,86,10.4,0.54,0.0,혼합골목(6-12m)
35.1877,129.1064,3,0.754,77,9.0,0.63,0.0,혼합골목(6-12m)
35.1878,129.1058,3,0.933,89,31.9,0.18,0.0,큰길(12m+)
35.1878,129.1053,1,0.944,78,34.9,0.12,0.0,큰길(12m+)
35.1878,129.1047,1,0.962,83,34.7,0.12,0.0,큰길(12m+)
35.1878,129.1041,2,0.969,85,37.4,0.15,0.0,큰길(12m+)
35.1878,129.1035,3,0.952,100,31.2,0.18,0.0,큰길(12m+)
35.1878,129.1029,3,0.944,99,31.6,0.18,0.0,큰길(12m+)
35.1875,129.1024,3,0.909,83,17.7,0.32,0.0,큰길(12m+)
35.1871,129.1021,3,0.882,81,21.4,0.26,0.0,큰길(12m+)
35.1867,129.1019,3,0.607,85,22.2,0.25,2.4,큰길(12m+)
35.1864,129.1024,1,0.682,68,58.6,0.12,0.0,큰길(12m+)
35.1861,129.1029,1,0.858,63,57.1,0.25,0.0,큰길(12m+)
35.1859,129.1033,3,0.561,62,11.6,1.21,0.0,혼합골목(6-12m)
35.1854,129.1038,3,0.758,41,75.8,0.5,0.0,큰길(12m+)
35.1852,129.104,4,0.733,29,,,,개방
35.1847,129.104,4,0.487,18,47.6,0.79,0.0,큰길(12m+)
35.1842,129.104,2,0.409,19,25.9,1.46,0.0,큰길(12m+)
35.1838,129.104,3,0.375,19,24.7,2.84,0.0,큰길(12m+)
35.1834,129.104,4,0.562,19,50.2,0.14,0.0,큰길(12m+)
35.1828,129.104,3,0.581,23,37.6,1.01,0.0,큰길(12m+)
35.1825,129.1033,62,0.385,34,35.5,1.82,0.0,큰길(12m+)
35.184,129.1041,4,0.396,21,25.0,1.51,0.0,큰길(12m+)
35.1852,129.1042,1,0.763,32,100.8,0.36,0.0,큰길(12m+)
35.1851,129.1048,2,0.851,32,41.1,0.1,0.0,큰길(12m+)
35.1848,129.1054,2,0.921,26,67.9,0.06,0.0,큰길(12m+)
35.1847,129.1058,1,0.894,28,41.7,0.2,0.0,큰길(12m+)
35.1845,129.1063,2,0.979,29,72.5,0.08,0.0,큰길(12m+)
35.1846,129.1068,1,0.97,38,35.8,0.16,0.0,큰길(12m+)
35.1845,129.1074,1,0.947,62,20.3,0.28,0.0,큰길(12m+)
35.1845,129.1083,1,0.934,103,20.6,0.27,0.0,큰길(12m+)
35.1844,129.1104,1,0.721,90,33.4,0.13,0.0,큰길(12m+)
35.1845,129.1116,1,0.78,22,44.4,0.54,0.0,큰길(12m+)
35.1845,129.1134,1,0.991,6,,,,개방
35.1833,129.122,1,0.882,31,,,,개방
35.1713,129.1345,1,0.906,18,51.6,0.19,0.0,큰길(12m+)
35.1607,129.1533,2,0.757,45,48.9,1.06,0.0,큰길(12m+)
35.1609,129.1538,1,0.776,36,62.9,0.87,0.0,큰길(12m+)
35.1633,129.1583,1,0.254,35,12.5,4.92,6.1,큰길(12m+)
35.1635,129.1589,1,,,,,,개방
35.1631,129.1594,2,0.531,50,34.4,1.1,0.0,큰길(12m+)
35.1626,129.1594,1,0.502,65,9.3,0.6,0.0,혼합골목(6-12m)
35.1622,129.1587,2,0.481,67,28.6,1.03,0.0,큰길(12m+)
35.1624,129.1586,3,0.371,60,12.3,0.57,0.0,큰길(12m+)
35.1627,129.1585,1,0.31,54,16.0,4.04,0.0,큰길(12m+)
35.1624,129.159,4,0.451,65,11.5,0.97,0.0,혼합골목(6-12m)
35.1621,129.1585,1,0.383,69,13.9,0.7,0.0,큰길(12m+)
35.1623,129.1581,1,0.416,55,11.4,4.53,0.0,혼합골목(6-12m)
35.1626,129.1578,1,0.474,40,9.8,0.72,0.0,혼합골목(6-12m)
35.163,129.1577,1,0.71,29,39.8,0.14,0.0,큰길(12m+)
35.182,129.1033,10,0.781,58,22.8,0.43,0.0,큰길(12m+)
35.1829,129.1035,17,0.248,19,54.0,1.3,0.0,큰길(12m+)
35.183,129.1033,24,0.237,21,52.9,1.32,0.0,큰길(12m+)
35.183,129.1031,8,0.21,23,48.0,1.43,0.0,큰길(12m+)
35.1823,129.1032,32,0.512,41,45.6,0.92,0.0,큰길(12m+)
35.1819,129.1033,2,0.552,65,11.1,0.5,0.0,혼합골목(6-12m)
35.1822,129.1026,3,0.766,60,24.2,0.17,0.0,큰길(12m+)
35.1827,129.1036,9,0.245,26,18.8,3.71,0.0,큰길(12m+)
35.1829,129.1032,35,0.233,22,54.3,1.29,0.0,큰길(12m+)
35.1826,129.1032,68,0.296,33,22.9,2.94,3.2,큰길(12m+)
35.1832,129.1034,7,0.205,18,31.9,2.2,2.3,큰길(12m+)
35.1834,129.1034,9,0.274,21,17.0,4.12,0.0,큰길(12m+)
35.183,129.103,3,0.207,23,33.3,2.06,0.0,큰길(12m+)
35.1832,129.1031,4,0.218,21,22.3,3.07,2.8,큰길(12m+)
35.1823,129.1033,29,0.552,39,43.7,0.83,0.0,큰길(12m+)
35.1826,129.1036,8,0.283,28,27.7,2.33,0.0,큰길(12m+)
35.1837,129.1032,5,0.214,22,42.6,1.64,0.0,큰길(12m+)
35.1821,129.1031,8,0.551,52,20.1,0.49,3.0,큰길(12m+)
35.1822,129.1032,19,0.363,44,29.8,1.31,0.0,큰길(12m+)
35.182,129.1032,33,0.783,61,19.9,0.49,0.0,큰길(12m+)
35.1818,129.1031,5,0.435,68,8.1,0.69,0.0,혼합골목(6-12m)
35.1825,129.103,5,0.284,40,11.2,5.99,0.0,혼합골목(6-12m)
35.1827,129.1034,26,0.173,28,29.7,2.36,0.0,큰길(12m+)
35.1833,129.1034,2,0.252,22,13.8,5.08,1.1,큰길(12m+)
35.1825,129.1034,11,0.371,33,23.0,2.8,0.0,큰길(12m+)
35.1819,129.1032,3,0.515,68,18.8,0.3,1.2,큰길(12m+)
35.183,129.1032,7,0.233,23,54.3,1.29,0.0,큰길(12m+)
35.1828,129.1036,7,0.24,23,28.2,2.49,0.0,큰길(12m+)
35.1825,129.1026,1,0.597,50,41.7,1.11,0.0,큰길(12m+)
35.1844,129.1024,2,0.745,28,58.2,0.1,0.0,큰길(12m+)
35.1837,129.1031,1,0.231,21,54.5,1.28,0.0,큰길(12m+)
35.1831,129.103,2,0.248,21,19.7,3.47,0.0,큰길(12m+)
35.1823,129.1026,4,0.714,57,33.6,1.04,0.0,큰길(12m+)
35.1824,129.1034,40,0.479,35,43.9,0.83,0.0,큰길(12m+)
35.1828,129.1032,28,0.227,27,47.5,1.45,0.0,큰길(12m+)
35.1827,129.1032,48,0.164,29,15.0,4.67,0.0,큰길(12m+)
35.1822,129.1031,11,0.407,49,19.4,2.02,0.0,큰길(12m+)
35.1823,129.1035,7,0.589,43,24.5,1.31,0.0,큰길(12m+)
35.1829,129.1034,7,0.252,20,54.6,1.28,0.0,큰길(12m+)
35.182,129.1028,3,0.822,64,13.8,0.3,0.0,큰길(12m+)
35.1822,129.103,4,0.51,46,11.3,3.1,0.0,혼합골목(6-12m)
35.182,129.103,7,0.802,60,17.2,0.33,0.0,큰길(12m+)
35.1822,129.1028,1,0.749,58,19.9,1.68,0.0,큰길(12m+)
35.1821,129.1033,2,0.387,51,1.6,6.1,0.0,보행골목(<6m)
35.182,129.1034,7,0.597,58,13.5,0.41,0.0,큰길(12m+)
35.1822,129.1033,8,0.426,46,32.3,1.13,0.0,큰길(12m+)
35.1826,129.1031,21,0.269,36,12.3,5.44,3.2,큰길(12m+)
35.1828,129.1033,53,0.225,24,54.7,1.28,0.0,큰길(12m+)
35.1821,129.103,2,0.588,56,14.4,0.39,3.9,큰길(12m+)
35.1823,129.1036,3,0.592,41,25.2,1.28,0.0,큰길(12m+)
35.2303,129.0797,24,0.591,41,38.7,0.87,0.0,큰길(12m+)
35.2313,129.0789,33,0.988,22,64.1,0.04,0.0,큰길(12m+)
35.2312,129.0798,19,0.994,20,24.6,0.11,0.0,큰길(12m+)
35.2303,129.0796,25,0.729,42,32.6,0.13,0.0,큰길(12m+)
35.2311,129.0797,11,0.804,24,24.6,0.11,3.6,큰길(12m+)
35.2303,129.0798,15,0.678,35,33.8,0.99,1.1,큰길(12m+)
35.2308,129.0798,15,0.97,29,43.4,0.06,0.0,큰길(12m+)
35.2311,129.0798,9,0.83,22,20.6,0.14,0.0,큰길(12m+)
35.2305,129.0791,2,0.834,50,26.3,0.27,0.0,큰길(12m+)
35.2302,129.08,68,0.806,32,57.1,0.56,0.0,큰길(12m+)
35.2318,129.0825,14,0.805,7,45.2,0.06,24.9,큰길(12m+)
35.2299,129.0827,34,0.844,46,19.1,0.44,0.0,큰길(12m+)
35.2311,129.0841,2,0.952,64,20.9,0.27,0.0,큰길(12m+)
35.2313,129.0841,6,0.927,57,45.2,0.19,0.0,큰길(12m+)
35.2315,129.0842,6,0.914,62,53.6,0.26,0.0,큰길(12m+)
35.2312,129.0841,2,0.939,61,36.0,0.16,0.0,큰길(12m+)
35.2315,129.0845,1,0.811,79,31.8,0.44,0.0,큰길(12m+)
35.2319,129.0843,2,0.744,56,25.1,0.56,0.0,큰길(12m+)
35.2323,129.0844,1,0.688,64,25.2,0.67,0.0,큰길(12m+)
35.2316,129.0843,1,0.901,59,42.6,0.2,0.0,큰길(12m+)
35.2307,129.0841,1,0.368,78,4.3,2.28,0.0,보행골목(<6m)
35.2304,129.0841,1,0.609,96,16.7,0.67,0.0,큰길(12m+)
35.2298,129.0838,1,0.445,97,5.6,1.01,2.0,보행골목(<6m)
35.2293,129.0837,4,0.764,82,17.6,0.48,0.0,큰길(12m+)
35.2295,129.0832,5,0.665,65,18.5,0.6,0.0,큰길(12m+)
35.2301,129.0801,5,0.717,31,29.5,1.09,0.0,큰길(12m+)
35.2302,129.0799,10,0.811,35,33.3,0.97,0.0,큰길(12m+)
35.231,129.0801,2,0.805,21,40.0,0.07,5.9,큰길(12m+)
35.2308,129.0797,7,0.968,31,41.7,0.07,0.0,큰길(12m+)
35.2343,129.0829,3,0.881,24,35.5,0.75,0.0,큰길(12m+)
35.234,129.082,3,0.497,9,9.4,1.19,4.8,혼합골목(6-12m)
35.2342,129.083,3,0.9,29,61.8,0.07,0.0,큰길(12m+)
35.1829,129.1024,1,0.532,28,56.5,0.97,0.0,큰길(12m+)
35.1826,129.1037,6,0.286,25,14.7,4.38,0.0,큰길(12m+)
35.1825,129.104,4,0.684,34,50.9,0.63,0.0,큰길(12m+)
35.1821,129.1044,2,0.588,73,15.8,0.35,0.0,큰길(12m+)
35.1822,129.1046,2,0.917,69,20.8,0.27,0.0,큰길(12m+)
35.1823,129.1049,1,0.965,71,68.8,0.08,0.0,큰길(12m+)
35.1824,129.1054,2,0.967,75,43.7,0.1,0.0,큰길(12m+)
35.1825,129.1058,3,0.67,71,40.3,0.28,0.0,큰길(12m+)
35.1826,129.106,2,0.683,62,35.2,0.32,0.0,큰길(12m+)
35.1829,129.1065,3,0.957,57,27.5,0.2,0.0,큰길(12m+)
35.1831,129.1069,2,0.838,64,22.7,0.25,0.0,큰길(12m+)
35.1833,129.1071,2,0.835,60,27.6,0.2,0.0,큰길(12m+)
35.1836,129.1071,2,0.912,56,27.7,0.2,0.0,큰길(12m+)
35.184,129.1072,2,0.972,54,38.9,0.11,0.0,큰길(12m+)
35.1842,129.1072,2,0.953,52,26.7,0.21,0.0,큰길(12m+)
35.1846,129.107,3,0.981,46,42.1,0.1,0.0,큰길(12m+)
35.1847,129.1072,2,0.95,61,25.6,0.16,0.0,큰길(12m+)
35.1849,129.1071,2,0.96,56,42.0,0.13,0.0,큰길(12m+)
35.1851,129.1071,2,0.935,59,29.9,0.19,0.0,큰길(12m+)
35.1854,129.1071,3,0.907,68,29.6,0.19,0.0,큰길(12m+)
35.1856,129.1071,2,0.83,78,40.8,0.1,0.0,큰길(12m+)
35.1858,129.1071,2,0.675,82,28.5,1.23,0.0,큰길(12m+)
35.1861,129.107,1,0.671,86,38.6,0.15,0.0,큰길(12m+)
35.1861,129.1066,1,0.78,98,20.8,0.81,0.0,큰길(12m+)
35.1859,129.1064,1,0.642,95,8.8,0.64,0.0,혼합골목(6-12m)
35.1857,129.1064,1,0.688,90,9.8,0.57,0.0,혼합골목(6-12m)
35.1855,129.1064,1,0.856,73,15.7,0.36,0.0,큰길(12m+)
35.1853,129.1064,1,0.651,57,11.2,0.5,0.0,혼합골목(6-12m)
35.185,129.1064,1,0.527,44,9.2,0.91,0.0,혼합골목(6-12m)
35.185,129.1062,1,0.549,46,15.4,0.73,0.0,큰길(12m+)
35.1851,129.1058,1,0.646,53,18.2,0.77,0.0,큰길(12m+)
35.1852,129.1056,1,0.885,54,22.0,0.19,0.0,큰길(12m+)
35.1854,129.1054,1,0.928,66,29.6,0.14,0.0,큰길(12m+)
35.1854,129.1051,1,0.93,62,33.6,0.21,0.0,큰길(12m+)
35.1855,129.1049,1,0.936,67,39.9,0.11,0.0,큰길(12m+)
35.1856,129.1046,1,0.941,66,65.6,0.04,0.0,큰길(12m+)
35.1856,129.1043,1,0.916,57,72.2,0.06,0.0,큰길(12m+)
35.1857,129.1041,1,0.921,60,75.4,0.07,0.0,큰길(12m+)
35.1857,129.1038,1,0.879,60,89.1,0.42,0.0,큰길(12m+)
35.1857,129.1035,1,0.708,50,57.2,0.24,0.0,큰길(12m+)
35.1853,129.104,1,0.781,38,95.0,0.06,0.0,큰길(12m+)
35.1849,129.104,1,0.535,16,39.9,0.95,0.0,큰길(12m+)
35.1845,129.104,1,0.367,21,24.1,2.9,0.0,큰길(12m+)
35.1843,129.1041,3,0.361,20,24.8,1.53,0.0,큰길(12m+)
35.1838,129.1041,4,0.352,20,24.4,2.87,0.0,큰길(12m+)
35.1836,129.104,2,0.45,19,29.5,1.33,0.0,큰길(12m+)
35.1831,129.104,1,0.554,17,33.0,1.14,0.0,큰길(12m+)
35.1827,129.104,2,0.601,27,42.2,0.9,0.0,큰길(12m+)
35.231,129.0797,19,0.801,29,39.7,0.07,6.1,큰길(12m+)
35.2301,129.0802,7,0.676,28,32.5,1.16,0.0,큰길(12m+)
35.2051,129.0778,1,0.74,21,59.5,0.16,0.0,큰길(12m+)
35.2051,129.0779,1,0.815,20,59.5,0.16,0.0,큰길(12m+)
35.185,129.104,2,0.564,20,25.0,0.22,0.0,큰길(12m+)
35.184,129.104,1,0.382,20,29.8,1.27,0.0,큰길(12m+)
35.1821,129.1038,2,0.825,60,36.1,0.16,0.0,큰길(12m+)
35.1823,129.104,4,0.815,48,44.7,0.72,0.0,큰길(12m+)
35.1851,129.104,3,0.612,22,22.3,1.7,0.0,큰길(12m+)
35.2069,129.0721,1,0.809,67,31.5,0.53,0.0,큰길(12m+)
35.2312,129.0803,8,0.939,13,41.2,0.07,0.0,큰길(12m+)
35.231,129.0798,14,0.803,27,15.2,0.18,9.9,큰길(12m+)
35.2311,129.0799,6,0.978,22,18.1,0.15,0.0,큰길(12m+)
35.213,129.1001,1,0.809,178,49.7,0.62,0.0,큰길(12m+)
35.2133,129.1004,1,0.401,281,7.3,1.34,1.2,혼합골목(6-12m)
35.2135,129.1008,1,0.467,332,10.2,0.96,0.0,혼합골목(6-12m)
35.2137,129.1011,1,0.677,361,11.8,0.48,0.0,혼합골목(6-12m)
35.2136,129.102,1,0.675,251,7.0,0.8,0.0,혼합골목(6-12m)
35.2141,129.102,1,0.53,331,13.5,0.41,0.0,큰길(12m+)
35.2143,129.1026,1,0.638,251,11.5,0.49,0.0,혼합골목(6-12m)
35.2145,129.103,1,0.682,198,11.5,0.85,0.0,혼합골목(6-12m)
35.2144,129.1027,1,0.358,242,5.7,1.47,1.5,보행골목(<6m)
35.2151,129.1024,1,0.81,318,16.6,0.51,0.0,큰길(12m+)
35.2153,129.1019,1,0.539,394,12.0,0.93,0.0,큰길(12m+)
35.2155,129.1015,1,0.472,405,12.7,0.77,1.8,큰길(12m+)
35.2157,129.101,1,0.256,431,2.2,3.87,1.7,보행골목(<6m)
35.2159,129.1004,1,0.913,427,37.5,0.22,0.0,큰길(12m+)
35.2161,129.0999,1,0.801,427,20.4,0.41,0.0,큰길(12m+)
35.2162,129.0994,1,0.561,416,19.6,0.36,1.2,큰길(12m+)
35.2163,129.0991,1,0.554,412,20.1,0.35,3.1,큰길(12m+)
35.2159,129.099,1,0.398,405,6.8,1.03,0.0,혼합골목(6-12m)
35.2156,129.0981,1,0.498,407,8.3,0.68,1.2,혼합골목(6-12m)
35.2157,129.0975,1,0.582,406,4.2,1.65,2.8,보행골목(<6m)
35.2158,129.0969,2,0.077,402,0.5,14.93,0.0,보행골목(<6m)
35.2159,129.0964,1,0.562,367,7.2,0.78,1.2,혼합골목(6-12m)
35.2161,129.0958,1,0.58,321,13.7,0.31,0.0,큰길(12m+)
35.2159,129.0962,1,0.649,340,7.2,0.78,0.0,혼합골목(6-12m)
35.2157,129.0974,1,0.572,402,3.9,1.07,0.0,보행골목(<6m)
35.2156,129.098,1,0.376,409,5.3,1.58,3.0,보행골목(<6m)
35.2154,129.0985,1,0.455,396,7.1,1.18,0.0,혼합골목(6-12m)
35.2152,129.0989,1,0.253,399,3.8,2.23,0.0,보행골목(<6m)
35.2148,129.0993,1,0.662,382,12.8,0.77,0.0,큰길(12m+)
35.2145,129.0997,1,0.56,426,7.1,0.98,0.0,혼합골목(6-12m)
35.214,129.0998,1,0.614,370,7.4,0.76,0.0,혼합골목(6-12m)
35.2135,129.0999,1,0.853,269,30.1,0.28,0.0,큰길(12m+)
35.2131,129.1,1,0.787,194,43.2,0.68,0.0,큰길(12m+)
35.2126,129.1,1,0.769,102,23.9,0.41,0.0,큰길(12m+)
35.2306,129.0818,1,0.93,10,72.7,0.04,0.0,큰길(12m+)
35.2308,129.0841,1,0.627,70,10.9,0.64,1.2,혼합골목(6-12m)
35.2309,129.0841,1,0.937,67,25.8,0.22,0.0,큰길(12m+)
35.2305,129.084,3,0.655,83,11.6,0.6,0.0,혼합골목(6-12m)
35.2303,129.0845,1,0.553,113,11.7,0.72,0.0,혼합골목(6-12m)
35.23,129.0839,2,0.478,100,4.4,1.26,0.0,보행골목(<6m)
35.2297,129.0838,4,0.473,95,6.6,1.27,1.5,혼합골목(6-12m)
35.2298,129.0828,6,,0,,,,개방
35.1825,129.1031,19,0.332,37,27.8,2.41,0.0,큰길(12m+)
35.1824,129.104,1,0.754,40,32.2,1.0,0.0,큰길(12m+)
35.1822,129.1041,2,0.873,58,45.1,0.71,0.0,큰길(12m+)
35.1822,129.1045,1,0.673,72,12.3,0.46,0.0,큰길(12m+)
35.1823,129.105,2,0.949,72,48.6,0.09,0.0,큰길(12m+)
35.1825,129.1055,1,0.963,69,60.3,0.07,0.0,큰길(12m+)
35.1827,129.106,1,0.888,60,34.8,0.44,0.0,큰길(12m+)
35.1831,129.107,1,0.873,64,47.7,0.12,0.0,큰길(12m+)
35.1841,129.1072,1,0.973,52,25.5,0.16,0.0,큰길(12m+)
35.185,129.1071,1,0.95,58,29.3,0.19,0.0,큰길(12m+)
35.1859,129.1071,1,0.614,84,26.7,0.63,0.0,큰길(12m+)
35.1861,129.1071,1,0.762,84,29.2,0.19,0.0,큰길(12m+)
35.1864,129.1071,2,0.847,83,26.2,0.21,0.0,큰길(12m+)
35.1866,129.1071,1,0.852,86,29.6,0.19,0.0,큰길(12m+)
35.1868,129.1071,2,0.746,88,26.4,0.32,0.0,큰길(12m+)
35.1871,129.1071,1,0.78,83,25.6,0.22,0.0,큰길(12m+)
35.1873,129.1071,1,0.814,76,26.9,0.21,0.0,큰길(12m+)
35.1875,129.1071,1,0.848,70,28.8,0.39,0.0,큰길(12m+)
35.1878,129.1069,2,0.93,85,41.9,0.13,0.0,큰길(12m+)
35.1876,129.1064,1,0.758,73,8.7,0.64,0.0,혼합골목(6-12m)
35.1878,129.106,1,0.951,88,30.9,0.18,0.0,큰길(12m+)
35.1878,129.1055,1,0.911,81,32.1,0.26,0.0,큰길(12m+)
35.1877,129.1052,1,0.897,84,34.1,0.16,0.0,큰길(12m+)
35.1878,129.105,2,0.954,79,34.2,0.12,0.0,큰길(12m+)
35.1876,129.1046,2,0.615,84,22.0,0.25,1.5,큰길(12m+)
35.1876,129.1045,1,0.917,83,22.0,0.25,0.0,큰길(12m+)
35.1876,129.1041,2,0.766,94,27.8,0.2,0.0,큰길(12m+)
35.1864,129.1023,1,0.918,70,61.7,0.11,0.0,큰길(12m+)
35.1862,129.1028,2,0.921,66,60.9,0.23,0.0,큰길(12m+)
35.1855,129.1036,2,0.775,34,70.4,0.66,0.0,큰길(12m+)
35.1848,129.104,3,0.512,18,48.2,0.78,0.0,큰길(12m+)
35.1844,129.1039,2,0.301,23,18.9,2.0,0.0,큰길(12m+)
35.183,129.104,4,0.554,18,40.0,0.95,0.0,큰길(12m+)
35.2313,129.0799,7,0.803,16,21.2,0.13,1.4,큰길(12m+)
35.2284,129.084,1,0.782,35,48.7,0.63,0.0,큰길(12m+)
35.186,129.1016,1,0.897,66,57.8,0.1,0.0,큰길(12m+)
35.1844,129.1026,2,0.505,28,14.3,2.64,0.0,큰길(12m+)
35.1823,129.1029,1,0.509,50,18.7,1.79,4.3,큰길(12m+)
35.1827,129.1037,3,0.214,25,18.8,3.72,2.1,큰길(12m+)
35.1815,129.1024,2,0.908,77,26.6,0.32,0.0,큰길(12m+)
35.1817,129.1024,1,,0,,,,개방
35.1831,129.1031,6,0.235,22,32.0,2.14,0.0,큰길(12m+)
35.1834,129.1033,1,0.274,21,31.2,2.24,0.0,큰길(12m+)
35.1833,129.1033,5,0.232,21,14.1,4.95,0.0,큰길(12m+)
35.1834,129.1037,3,0.386,20,20.1,1.95,0.0,큰길(12m+)
35.1818,129.1032,3,0.498,67,6.5,0.86,0.0,혼합골목(6-12m)
35.1823,129.1038,3,0.646,44,29.1,1.11,0.0,큰길(12m+)
35.2115,129.0889,3,0.999,4,,,,개방
35.2116,129.089,1,0.998,4,,,,개방
35.212,129.0891,1,0.999,3,,,,개방
35.2123,129.0896,1,0.997,4,,,,개방
35.2124,129.0902,1,0.997,3,,,,개방
35.2129,129.0902,1,0.999,5,,,,개방
35.2134,129.0903,1,0.965,5,,,,개방
35.2137,129.0904,1,0.878,8,61.0,0.16,0.0,큰길(12m+)
35.214,129.0898,1,0.884,9,,,,개방
35.2142,129.0893,1,0.898,19,,,,개방
35.2145,129.089,1,0.811,29,72.4,0.68,0.0,큰길(12m+)
35.2147,129.0884,1,0.756,39,16.5,0.51,0.0,큰길(12m+)
35.2149,129.088,1,0.609,54,10.6,0.53,2.0,혼합골목(6-12m)
35.2152,129.0874,1,0.692,78,15.0,0.37,0.0,큰길(12m+)
35.2155,129.087,1,0.957,96,24.4,0.11,0.0,큰길(12m+)
35.2157,129.0865,1,0.674,108,8.9,1.1,0.0,혼합골목(6-12m)
35.2159,129.0861,1,0.659,106,11.9,0.47,0.0,혼합골목(6-12m)
35.216,129.0854,1,0.591,93,11.1,0.88,0.0,혼합골목(6-12m)
35.2159,129.0849,1,0.847,84,19.0,0.52,0.0,큰길(12m+)
35.2158,129.0843,1,0.783,85,28.5,0.25,0.0,큰길(12m+)
35.2156,129.0848,1,0.28,85,2.2,2.6,0.0,보행골목(<6m)
35.2153,129.0853,1,0.801,89,25.1,0.34,0.0,큰길(12m+)
35.2151,129.0858,1,0.636,98,11.5,0.97,0.0,혼합골목(6-12m)
35.2148,129.0854,1,0.722,60,26.6,1.05,0.0,큰길(12m+)
35.2144,129.0854,1,0.871,32,70.0,0.06,0.0,큰길(12m+)
35.2142,129.0846,1,0.779,16,36.1,1.2,0.0,큰길(12m+)
35.2144,129.0842,1,0.708,31,48.6,0.95,0.0,큰길(12m+)
35.2145,129.084,1,0.705,33,23.9,0.41,0.0,큰길(12m+)
35.2143,129.0833,1,0.766,33,46.8,0.72,0.0,큰길(12m+)
35.2138,129.0832,1,0.651,28,54.1,0.67,0.0,큰길(12m+)
35.2134,129.0832,1,0.734,34,49.9,0.17,0.0,큰길(12m+)
35.2129,129.0831,1,0.676,45,22.1,0.89,0.0,큰길(12m+)
35.2124,129.0829,1,0.663,70,22.0,0.38,0.0,큰길(12m+)
35.212,129.0829,1,0.726,91,20.8,0.54,0.0,큰길(12m+)
35.2115,129.0828,1,0.771,106,22.3,0.5,0.0,큰길(12m+)
35.2111,129.083,1,0.785,95,12.4,0.45,0.0,큰길(12m+)
35.2111,129.0833,1,0.875,75,33.2,0.08,0.0,큰길(12m+)
35.2104,129.0833,1,0.763,55,38.6,0.11,0.0,큰길(12m+)
35.2102,129.0838,1,0.7,30,50.3,0.53,0.0,큰길(12m+)
35.2101,129.0842,1,0.654,18,64.6,0.97,0.0,큰길(12m+)
35.2103,129.0847,1,0.753,13,72.1,0.56,0.0,큰길(12m+)
35.2105,129.0852,1,0.803,9,90.4,0.06,0.0,큰길(12m+)
35.2107,129.0858,1,0.756,4,,,,개방
35.2108,129.0863,1,0.763,5,,,,개방
35.2109,129.0868,1,0.718,5,,,,개방
35.211,129.087,1,0.761,4,,,,개방
35.2111,129.0873,1,0.812,4,,,,개방
35.211,129.0876,1,0.907,3,,,,개방
35.2112,129.0879,1,0.942,2,101.2,0.4,0.0,큰길(12m+)
35.2113,129.0881,1,0.963,3,,,,개방
35.2113,129.0883,1,0.979,3,,,,개방
35.2114,129.0887,1,0.992,5,,,,개방
35.2112,129.0886,1,0.989,3,88.4,0.05,0.0,큰길(12m+)
35.1824,129.1035,11,0.322,35,24.6,2.62,1.5,큰길(12m+)
35.1823,129.103,1,0.368,44,18.7,1.87,0.0,큰길(12m+)
35.2087,129.07,1,0.649,52,26.6,1.0,0.0,큰길(12m+)
35.2304,129.0792,3,0.656,51,6.1,1.38,0.0,혼합골목(6-12m)
35.2306,129.0784,1,0.33,41,10.6,1.97,0.0,혼합골목(6-12m)
35.2297,129.0829,2,0.734,55,19.1,0.51,0.0,큰길(12m+)
35.2295,129.0833,2,0.701,75,16.8,0.66,0.0,큰길(12m+)
35.2295,129.0838,1,0.533,88,11.3,0.62,1.9,혼합골목(6-12m)
35.2303,129.0842,1,0.437,106,10.8,1.03,0.0,혼합골목(6-12m)
35.2301,129.0848,1,0.808,128,20.0,0.28,0.0,큰길(12m+)
35.2301,129.0853,1,0.418,114,10.4,0.94,0.0,혼합골목(6-12m)
35.23,129.0859,1,0.456,118,10.2,1.23,0.0,혼합골목(6-12m)
35.2301,129.0857,1,0.668,115,10.5,0.8,0.0,혼합골목(6-12m)
35.2302,129.0851,1,0.63,124,10.6,0.79,0.0,혼합골목(6-12m)
35.2303,129.0846,1,0.533,117,10.9,0.77,0.0,혼합골목(6-12m)
35.2302,129.084,1,0.528,96,13.0,0.65,0.0,큰길(12m+)
35.2293,129.0838,1,0.862,85,18.0,0.16,0.0,큰길(12m+)
35.2303,129.0828,1,0.972,46,62.4,0.04,0.0,큰길(12m+)
35.2309,129.0812,3,0.99,11,67.7,0.04,0.0,큰길(12m+)
35.2312,129.08,7,0.969,20,14.4,0.19,0.0,큰길(12m+)
35.1835,129.1071,1,0.88,58,30.3,0.18,0.0,큰길(12m+)
35.1837,129.1071,1,0.935,55,28.3,0.2,0.0,큰길(12m+)
35.1846,129.1069,1,0.971,41,29.5,0.14,0.0,큰길(12m+)
35.1859,129.107,2,0.448,86,26.7,0.63,0.0,큰길(12m+)
35.1874,129.1072,1,0.73,71,27.8,0.4,0.0,큰길(12m+)
35.1878,129.1051,1,0.954,78,31.3,0.13,0.0,큰길(12m+)
35.1878,129.104,1,0.969,89,36.0,0.16,0.0,큰길(12m+)
35.1865,129.1021,1,0.932,76,67.5,0.08,0.0,큰길(12m+)
35.1243,129.1132,1,0.955,56,37.9,0.15,0.0,큰길(12m+)
35.1242,129.1132,2,0.766,65,36.6,0.15,0.0,큰길(12m+)
35.1241,129.1125,1,0.922,79,22.5,0.31,0.0,큰길(12m+)
35.1243,129.1121,1,0.669,87,8.5,0.66,0.0,혼합골목(6-12m)
35.1242,129.1115,1,0.828,121,12.2,0.46,0.0,큰길(12m+)
35.124,129.111,1,0.892,153,15.0,0.37,0.0,큰길(12m+)
35.1236,129.1108,1,0.585,144,5.9,0.95,0.0,보행골목(<6m)
35.1236,129.1113,1,0.58,138,7.1,0.79,0.0,혼합골목(6-12m)
35.1231,129.1115,1,0.552,144,8.7,0.64,0.0,혼합골목(6-12m)
35.1228,129.112,1,0.593,103,6.2,0.91,0.0,혼합골목(6-12m)
35.1226,129.1124,1,0.932,88,21.4,0.26,0.0,큰길(12m+)
35.1224,129.1118,1,0.542,99,8.3,0.68,1.3,혼합골목(6-12m)
35.123,129.1117,1,0.732,122,13.1,0.43,0.0,큰길(12m+)
35.1233,129.1113,1,0.682,142,7.3,0.77,0.0,혼합골목(6-12m)
35.1229,129.1101,1,0.543,131,8.2,0.68,0.0,혼합골목(6-12m)
35.1229,129.1097,1,0.858,109,29.1,0.19,0.0,큰길(12m+)
35.1233,129.1096,1,0.8,117,14.2,0.39,0.0,큰길(12m+)
35.1233,129.109,2,0.772,106,8.3,0.68,0.0,혼합골목(6-12m)
35.1237,129.1091,3,0.528,126,7.5,0.75,0.0,혼합골목(6-12m)
35.1242,129.1092,2,0.477,146,6.7,0.84,0.0,혼합골목(6-12m)
35.1242,129.1098,1,0.464,144,6.6,1.06,0.0,혼합골목(6-12m)
35.1243,129.1103,1,0.839,139,12.9,0.43,0.0,큰길(12m+)
35.1246,129.1107,1,0.647,137,11.0,0.51,0.0,혼합골목(6-12m)
35.1249,129.1112,1,0.851,95,16.9,0.5,0.0,큰길(12m+)
35.125,129.1118,1,0.708,65,18.3,0.31,0.0,큰길(12m+)
35.1251,129.1123,1,0.932,33,69.3,0.08,0.0,큰길(12m+)
35.1245,129.1126,1,0.955,52,81.4,0.17,0.0,큰길(12m+)
35.1242,129.1126,1,0.896,70,25.6,0.27,0.0,큰길(12m+)
35.1244,129.1137,1,0.961,44,30.5,0.18,0.0,큰길(12m+)
35.1243,129.1144,1,0.955,55,95.8,0.18,0.0,큰길(12m+)
35.1652,129.0568,1,0.998,16,73.8,0.06,0.0,큰길(12m+)
35.1649,129.0561,3,0.996,10,53.2,0.08,0.0,큰길(12m+)
35.1649,129.0559,1,0.996,12,57.2,0.07,0.0,큰길(12m+)
35.1647,129.0553,1,0.997,16,68.8,0.06,0.0,큰길(12m+)
35.1647,129.0547,1,0.998,36,104.0,0.03,0.0,큰길(12m+)
35.1646,129.055,1,0.998,26,,,,개방
35.1657,129.055,1,0.863,1,10.4,0.27,0.0,혼합골목(6-12m)
35.166,129.0551,1,0.954,1,,,,개방
35.165,129.0562,1,0.996,9,54.4,0.08,0.0,큰길(12m+)
35.1826,129.103,3,0.29,41,5.9,11.41,0.0,보행골목(<6m)
35.1823,129.1034,13,0.578,41,29.4,1.09,0.0,큰길(12m+)
35.1828,129.1031,3,0.21,28,35.0,1.96,0.0,큰길(12m+)
35.1828,129.1035,9,0.232,24,41.2,1.7,0.0,큰길(12m+)
35.1065,129.0294,4,0.505,173,8.2,0.68,0.0,혼합골목(6-12m)
35.1065,129.0293,1,0.925,165,21.9,0.26,0.0,큰길(12m+)
35.1062,129.0289,1,0.917,140,18.8,0.22,0.0,큰길(12m+)
35.1058,129.0287,2,0.826,153,18.4,0.3,0.0,큰길(12m+)
35.1054,129.0289,1,0.697,131,14.3,0.39,0.0,큰길(12m+)
35.1053,129.0283,1,0.28,180,7.4,1.89,1.9,혼합골목(6-12m)
35.1052,129.0278,1,0.389,237,3.9,1.43,2.2,보행골목(<6m)
35.1047,129.0274,2,0.725,240,8.3,0.67,0.0,혼합골목(6-12m)
35.1043,129.0272,2,0.77,192,9.7,0.58,0.0,혼합골목(6-12m)
35.104,129.0276,1,0.874,143,24.4,0.23,0.0,큰길(12m+)
35.1048,129.0275,1,0.776,247,9.3,0.6,0.0,혼합골목(6-12m)
35.1053,129.0284,1,0.279,171,7.4,1.9,0.0,혼합골목(6-12m)
35.1042,129.0295,1,0.927,56,44.9,0.12,0.0,큰길(12m+)
35.1041,129.0294,1,0.942,63,50.2,0.11,0.0,큰길(12m+)
35.1044,129.0298,1,0.621,78,21.6,0.26,0.0,큰길(12m+)
35.1047,129.0303,1,0.797,97,20.9,0.74,0.0,큰길(12m+)
35.105,129.0307,1,0.779,112,29.4,0.19,0.0,큰길(12m+)
35.1054,129.0305,1,0.717,154,11.1,0.51,0.0,혼합골목(6-12m)
35.1055,129.0304,1,0.709,168,10.8,0.52,0.0,혼합골목(6-12m)
35.106,129.0311,1,0.77,136,15.6,0.36,0.0,큰길(12m+)
35.1064,129.0312,1,0.644,144,10.3,0.95,0.0,혼합골목(6-12m)
35.1066,129.0309,1,0.503,181,7.0,0.99,1.8,혼합골목(6-12m)
35.1063,129.0304,1,0.597,207,6.3,0.89,0.0,혼합골목(6-12m)
35.106,129.03,1,0.707,214,6.7,0.84,0.0,혼합골목(6-12m)
35.1057,129.0295,1,0.425,195,7.3,1.91,0.0,혼합골목(6-12m)
35.1055,129.0291,1,0.696,143,12.5,0.56,0.0,큰길(12m+)
35.1061,129.029,1,0.959,147,23.9,0.18,0.0,큰길(12m+)
35.1069,129.0296,1,0.524,157,13.3,0.42,0.0,큰길(12m+)
35.1073,129.0298,1,0.829,171,18.8,0.3,0.0,큰길(12m+)
35.1634,129.0502,2,0.76,8,57.0,0.1,0.0,큰길(12m+)
35.1627,129.0505,1,0.804,7,,,,개방
35.163,129.0499,3,0.868,5,74.4,0.79,0.0,큰길(12m+)
35.1629,129.0498,1,0.911,4,,,,개방
35.1626,129.0494,1,0.995,12,,,,개방
35.1625,129.0488,2,0.997,37,,,,개방
35.1624,129.0482,1,0.995,60,,,,개방
35.1625,129.0477,1,0.977,85,,,,개방
35.163,129.0473,1,0.741,130,8.8,0.64,0.0,혼합골목(6-12m)
35.1634,129.0471,1,0.385,137,4.3,1.31,0.0,보행골목(<6m)
35.1632,129.0463,1,0.879,136,28.0,0.2,0.0,큰길(12m+)
35.1632,129.0459,1,0.943,146,23.7,0.24,0.0,큰길(12m+)
35.1634,129.0458,1,0.782,172,11.9,0.47,0.0,혼합골목(6-12m)
35.1637,129.0456,1,0.645,207,20.5,0.27,0.0,큰길(12m+)
35.164,129.0458,1,0.916,170,23.3,0.24,0.0,큰길(12m+)
35.1644,129.0459,2,0.835,101,17.2,0.41,0.0,큰길(12m+)
35.1646,129.0458,1,0.5,78,6.7,0.84,0.0,혼합골목(6-12m)
35.1635,129.0474,1,0.628,141,15.2,0.37,1.4,큰길(12m+)
35.1645,129.0459,1,0.749,87,16.6,0.51,0.0,큰길(12m+)
35.1644,129.0462,1,0.339,86,6.1,1.39,1.1,혼합골목(6-12m)
35.1642,129.0459,1,0.848,131,13.9,0.4,0.0,큰길(12m+)
35.1638,129.0456,1,0.932,200,25.1,0.22,0.0,큰길(12m+)
35.1637,129.0457,1,0.901,201,19.4,0.29,0.0,큰길(12m+)
35.1628,129.0448,4,0.95,171,50.3,0.11,0.0,큰길(12m+)
35.1631,129.045,1,0.524,199,4.3,1.32,1.1,보행골목(<6m)
35.1629,129.0458,1,0.98,110,49.7,0.11,0.0,큰길(12m+)
35.1627,129.0461,1,0.996,82,72.4,0.06,0.0,큰길(12m+)
35.1626,129.0466,1,0.992,73,,,,개방
35.1627,129.0472,1,0.621,104,,,,개방
35.1625,129.0478,1,0.954,79,,,,개방
35.1624,129.0485,1,0.997,45,,,,개방
35.1626,129.0489,1,0.995,38,,,,개방
35.1627,129.0495,1,0.949,11,,,,개방
35.1633,129.0501,1,0.808,7,57.0,0.1,0.0,큰길(12m+)
35.1638,129.0502,2,0.833,11,78.4,0.54,0.0,큰길(12m+)
35.1823,129.1031,4,0.485,44,35.9,0.98,0.0,큰길(12m+)
35.1833,129.1031,3,0.244,20,36.0,1.94,0.0,큰길(12m+)
35.1834,129.1032,2,0.277,21,46.0,1.52,0.0,큰길(12m+)
37.2857,-121.9964,1,,0,,,,개방
35.1851,129.1026,1,0.721,33,32.6,1.07,0.0,큰길(12m+)
35.1844,129.1029,1,0.311,29,19.4,1.95,0.0,큰길(12m+)
35.1821,129.1032,3,0.55,51,19.9,0.49,3.0,큰길(12m+)
35.1816,129.1024,1,0.9,75,35.6,0.24,0.0,큰길(12m+)
35.1814,129.103,1,0.855,83,16.4,0.34,0.0,큰길(12m+)
35.1819,129.103,4,0.48,64,10.2,0.55,0.0,혼합골목(6-12m)
35.1841,129.1037,2,0.267,24,22.6,1.68,0.0,큰길(12m+)
37.422,-122.0841,32,,0,,,,개방
35.1834,129.1039,2,0.494,19,39.6,0.18,0.0,큰길(12m+)
35.1832,129.1032,3,0.222,20,28.2,2.43,2.4,큰길(12m+)
35.1834,129.103,1,0.3,21,56.4,1.24,0.0,큰길(12m+)
35.1822,129.1034,5,0.541,46,26.7,1.2,0.0,큰길(12m+)
35.1832,129.1033,2,0.216,19,38.2,1.79,3.1,큰길(12m+)
35.1831,129.1029,1,0.26,22,14.3,4.79,0.0,큰길(12m+)
35.1819,129.1034,4,0.785,69,10.5,0.53,0.0,혼합골목(6-12m)
37.2738,-122.0789,1,,0,,,,개방
35.1841,129.1036,14,0.224,27,22.6,1.68,0.0,큰길(12m+)
35.1828,129.1041,1,0.648,22,37.6,1.01,0.0,큰길(12m+)
35.1837,129.104,1,0.388,19,27.5,1.42,0.0,큰길(12m+)
35.1841,129.1041,2,0.447,19,28.4,0.2,0.0,큰길(12m+)
35.1847,129.1041,2,0.503,19,46.0,0.82,0.0,큰길(12m+)
35.1833,129.1039,1,0.55,20,52.4,0.13,0.0,큰길(12m+)
35.183,129.1036,1,0.243,20,39.4,1.78,0.0,큰길(12m+)
35.1833,129.1035,1,0.247,19,14.0,5.01,0.0,큰길(12m+)
35.1835,129.1033,4,0.216,20,45.4,1.54,0.0,큰길(12m+)
35.1828,129.1034,12,0.232,23,52.6,1.33,0.0,큰길(12m+)
35.1827,129.1035,4,0.248,26,19.5,3.59,0.0,큰길(12m+)
35.1817,129.1029,5,0.3,73,1.1,5.17,1.4,보행골목(<6m)
35.182,129.1035,1,0.568,60,13.2,0.42,0.0,큰길(12m+)
35.1825,129.1035,7,0.178,31,10.4,6.18,0.0,혼합골목(6-12m)
35.1824,129.1036,3,0.482,36,25.2,1.28,3.2,큰길(12m+)
35.1826,129.1034,10,0.29,30,11.8,5.45,3.3,혼합골목(6-12m)
35.1824,129.1038,4,0.502,39,28.0,1.15,3.2,큰길(12m+)
35.1825,129.1038,1,0.301,31,15.6,4.13,0.0,큰길(12m+)
35.1833,129.1032,2,0.191,21,3.9,17.87,0.0,보행골목(<6m)
35.1826,129.1035,10,0.278,30,16.7,3.86,0.0,큰길(12m+)
35.183,129.1034,8,0.258,20,54.6,1.28,0.0,큰길(12m+)
35.1825,129.1036,3,0.198,28,17.2,3.75,0.0,큰길(12m+)
35.1836,129.1034,1,0.177,23,28.3,2.47,0.0,큰길(12m+)
35.1827,129.1031,3,0.16,33,17.3,3.98,0.0,큰길(12m+)
35.1878,129.1033,1,0.952,104,31.8,0.18,0.0,큰길(12m+)
35.1849,129.1034,1,0.213,23,41.7,1.68,0.0,큰길(12m+)
35.1851,129.1035,1,0.341,26,8.5,8.24,0.0,혼합골목(6-12m)
35.1829,129.103,2,0.201,27,35.0,1.96,0.0,큰길(12m+)
35.1817,129.1032,1,0.57,72,5.5,1.01,0.0,보행골목(<6m)
35.1831,129.1034,7,0.234,18,48.3,1.45,0.0,큰길(12m+)
35.1811,129.1026,1,0.928,69,28.3,0.2,0.0,큰길(12m+)
35.1818,129.103,1,0.196,71,1.6,3.43,0.0,보행골목(<6m)
35.1816,129.1037,1,0.585,95,15.8,0.35,3.2,큰길(12m+)
35.1803,129.1034,1,0.401,119,7.0,1.6,1.4,혼합골목(6-12m)
35.1824,129.103,4,0.315,41,24.7,2.72,0.0,큰길(12m+)
35.1798,129.1029,1,0.536,88,8.5,0.66,0.0,혼합골목(6-12m)
35.1772,129.1032,1,0.902,80,40.3,0.14,0.0,큰길(12m+)
35.1781,129.1027,1,0.789,40,22.7,0.43,0.0,큰길(12m+)
35.174,129.102,1,0.608,91,9.7,0.43,0.0,혼합골목(6-12m)
35.1766,129.1021,1,0.274,26,1.7,43.48,5.2,보행골목(<6m)
35.1755,129.1025,1,0.055,60,1.1,89.33,3.4,보행골목(<6m)
35.1815,129.1032,2,0.552,84,5.3,1.06,1.5,보행골목(<6m)
35.1813,129.1034,1,0.818,99,10.2,0.55,0.0,혼합골목(6-12m)
35.1838,129.1033,1,0.19,26,14.8,4.73,1.4,큰길(12m+)
35.1838,129.1032,1,0.181,22,6.0,11.57,0.0,혼합골목(6-12m)
35.1835,129.1032,1,0.261,21,55.6,1.26,0.0,큰길(12m+)
35.1725,129.1012,1,0.542,90,10.5,0.4,0.0,혼합골목(6-12m)
35.1824,129.1031,5,0.398,41,43.0,1.56,0.0,큰길(12m+)
35.1819,129.1029,1,0.245,66,2.7,2.07,1.4,보행골목(<6m)
35.1836,129.1035,1,0.23,26,14.5,4.84,4.9,큰길(12m+)
35.1818,129.1029,2,0.427,72,5.8,0.97,0.0,보행골목(<6m)
35.1837,129.1036,3,0.241,25,18.4,2.13,0.0,큰길(12m+)
35.1829,129.1037,2,0.213,20,31.1,2.25,1.7,큰길(12m+)
35.1831,129.1039,1,0.485,17,33.9,1.12,0.0,큰길(12m+)
35.183,129.1037,1,0.197,20,5.2,13.39,0.0,보행골목(<6m)
35.1695,129.098,2,0.579,15,,,,개방
35.1699,129.0984,2,0.165,23,2.0,13.3,4.1,보행골목(<6m)
35.1703,129.0979,2,0.535,57,13.3,1.69,0.0,큰길(12m+)
35.1701,129.0985,1,0.508,28,23.5,1.13,0.0,큰길(12m+)
35.1687,129.1122,1,0.399,120,9.3,2.4,0.0,혼합골목(6-12m)
35.1666,129.1141,1,0.593,91,17.7,1.42,0.0,큰길(12m+)
35.1662,129.1149,1,0.373,64,11.9,0.94,8.0,혼합골목(6-12m)
35.1658,129.1149,1,0.425,65,5.3,1.05,1.6,보행골목(<6m)
35.1627,129.1142,1,0.664,68,32.1,0.44,0.0,큰길(12m+)
35.2595,129.0904,1,0.474,60,13.6,2.27,0.0,큰길(12m+)
35.2596,129.0904,3,0.468,59,15.5,1.98,0.0,큰길(12m+)
35.1604,129.1136,1,0.774,120,34.8,0.93,0.0,큰길(12m+)
35.1577,129.113,1,0.507,50,7.1,0.79,0.0,혼합골목(6-12m)
35.1509,129.1113,1,0.7,55,54.3,0.93,0.0,큰길(12m+)
35.1353,129.0939,1,0.893,76,49.5,0.11,0.0,큰길(12m+)
35.1351,129.0924,1,0.505,74,7.0,0.8,5.4,혼합골목(6-12m)
35.1298,129.0922,1,0.995,46,,,,개방
35.1295,129.0925,1,0.996,36,,,,개방
35.1294,129.0926,1,0.994,35,90.1,0.06,0.0,큰길(12m+)
35.1295,129.0942,2,0.414,11,4.0,1.4,19.5,보행골목(<6m)
35.1301,129.0946,4,0.971,46,40.3,0.17,0.0,큰길(12m+)
35.1815,129.1034,1,0.536,90,7.3,0.77,1.6,혼합골목(6-12m)
35.1814,129.1032,1,0.489,86,4.6,1.22,2.1,보행골목(<6m)
35.1297,129.0947,1,0.602,21,7.1,0.79,19.9,혼합골목(6-12m)
35.1815,129.1029,2,0.745,78,13.8,0.41,0.0,큰길(12m+)
35.181,129.1029,1,0.788,82,19.6,0.29,0.0,큰길(12m+)
35.1819,129.1028,1,0.489,68,7.0,0.8,0.0,혼합골목(6-12m)
35.1825,129.1028,1,0.475,47,37.3,0.94,0.0,큰길(12m+)
35.1818,129.1034,1,0.477,73,6.8,0.83,1.7,혼합골목(6-12m)
35.1821,129.1037,1,0.771,56,22.7,0.25,0.0,큰길(12m+)
35.1836,129.103,2,0.276,23,55.2,1.27,0.0,큰길(12m+)
37.6631,127.3634,1,0.992,31,70.1,0.04,0.0,큰길(12m+)
37.6629,127.3592,1,1.0,5,,,,개방
37.6569,127.3418,1,0.999,13,,,,개방
37.6569,127.342,1,0.999,12,,,,개방
37.6569,127.3419,1,0.999,11,,,,개방
37.6569,127.3414,1,0.992,16,,,,개방
37.6528,127.3037,1,0.785,47,15.5,0.72,0.0,큰길(12m+)
37.6574,127.2846,1,0.954,13,,,,개방
35.1822,129.1049,1,0.819,78,45.0,0.09,0.0,큰길(12m+)
35.1804,129.1052,1,0.687,89,31.1,1.22,0.0,큰길(12m+)
35.1846,129.106,1,0.944,27,42.8,0.2,0.0,큰길(12m+)
35.1013,129.0365,3,0.488,78,4.2,1.32,17.8,보행골목(<6m)
35.101,129.0365,2,,0,,,,개방
35.1818,129.1036,1,0.822,82,15.3,0.36,0.0,큰길(12m+)
35.1002,129.0366,1,0.393,58,6.0,3.94,16.1,혼합골목(6-12m)
35.0995,129.0367,1,0.341,23,3.6,1.56,10.2,보행골목(<6m)
35.0991,129.0365,1,0.61,19,26.2,0.21,6.7,큰길(12m+)
35.0988,129.036,1,0.538,31,6.6,0.85,18.5,혼합골목(6-12m)
35.0982,129.0361,1,0.598,22,19.8,0.28,4.3,큰길(12m+)
35.0986,129.036,1,0.611,26,24.6,0.23,8.2,큰길(12m+)
35.0987,129.036,1,0.611,29,24.3,0.23,15.0,큰길(12m+)
35.0983,129.0357,1,0.605,38,18.5,0.3,14.7,큰길(12m+)
35.0987,129.0355,1,0.812,48,26.8,0.52,0.0,큰길(12m+)
35.0992,129.0355,1,0.58,65,26.5,0.21,0.0,큰길(12m+)
35.0997,129.0353,1,0.705,88,11.5,0.49,0.0,혼합골목(6-12m)
35.0995,129.0345,2,0.917,95,24.6,0.23,0.0,큰길(12m+)
35.0999,129.0344,1,0.587,78,7.4,1.89,0.0,혼합골목(6-12m)
35.0995,129.0344,1,0.947,93,42.9,0.13,0.0,큰길(12m+)
35.0998,129.0341,1,0.821,72,114.7,0.05,0.0,큰길(12m+)
35.0995,129.0346,1,0.895,96,18.2,0.31,0.0,큰길(12m+)
35.1002,129.036,1,0.93,81,20.6,0.27,0.0,큰길(12m+)
35.1478,129.0953,1,0.996,20,,,,개방
35.1488,129.0961,1,0.993,17,108.5,0.09,0.0,큰길(12m+)
35.1501,129.0972,1,,0,,,,개방
35.1501,129.0971,2,,0,,,,개방
35.1584,129.1038,1,1.0,1,,,,개방
35.1591,129.1042,1,0.996,10,,,,개방
35.1833,129.1036,1,0.327,19,14.7,4.78,1.2,큰길(12m+)
35.2552,129.0913,1,0.516,49,45.2,1.42,0.0,큰길(12m+)
35.2556,129.0914,1,0.58,51,44.1,1.11,0.0,큰길(12m+)
35.2553,129.0913,2,0.497,48,42.6,1.51,0.0,큰길(12m+)
37.6594,127.2724,1,0.596,49,14.1,0.79,0.0,큰길(12m+)
35.1825,129.1037,1,0.266,29,14.7,4.38,1.4,큰길(12m+)
35.1819,129.1036,1,0.405,71,4.6,1.21,0.0,보행골목(<6m)
35.1819,129.1035,1,0.665,71,12.3,0.46,1.4,큰길(12m+)
37.6552,127.2749,1,0.99,22,40.1,0.14,0.0,큰길(12m+)
37.6556,127.2749,1,0.995,23,76.9,0.04,0.0,큰길(12m+)
37.6561,127.2741,1,0.858,42,9.8,0.43,0.0,혼합골목(6-12m)
37.6566,127.2735,1,0.887,55,34.0,0.29,0.0,큰길(12m+)
35.1813,129.1028,1,0.658,78,8.0,0.7,0.0,혼합골목(6-12m)
37.6593,127.2727,1,0.519,57,13.3,1.06,0.0,큰길(12m+)
35.2592,129.0902,1,0.683,75,17.4,0.16,0.0,큰길(12m+)
35.2597,129.0904,1,0.396,61,9.0,3.89,0.0,혼합골목(6-12m)
35.2594,129.0904,2,0.479,61,9.0,1.71,0.0,혼합골목(6-12m)
33.2428,126.5543,1,0.856,67,36.2,0.15,0.0,큰길(12m+)
33.2434,126.5532,10,0.545,25,,,,개방
35.2553,129.0903,2,0.473,42,27.9,1.51,0.0,큰길(12m+)
35.2615,129.0843,1,0.83,18,28.7,0.88,0.0,큰길(12m+)
35.255,129.0913,1,0.607,47,45.7,0.37,0.0,큰길(12m+)
35.254,129.0924,1,0.634,79,10.7,0.91,0.0,혼합골목(6-12m)
35.2558,129.0898,1,0.516,37,43.6,0.84,0.0,큰길(12m+)
35.2553,129.0914,1,0.534,53,44.8,1.44,0.0,큰길(12m+)
35.2554,129.0915,1,0.514,55,41.7,1.48,0.0,큰길(12m+)
35.2551,129.0914,1,0.613,57,47.2,0.71,0.0,큰길(12m+)
37.6593,127.2726,1,0.652,58,15.6,0.81,0.0,큰길(12m+)
37.6592,127.2726,1,0.49,58,10.7,1.18,0.0,혼합골목(6-12m)
37.6552,127.2556,1,0.979,10,,,,개방
35.2555,129.0914,1,0.553,52,42.8,1.14,0.0,큰길(12m+)
37.6552,127.2438,1,0.928,7,47.6,0.24,0.0,큰길(12m+)
35.255,129.0914,1,0.667,52,45.7,0.37,0.0,큰길(12m+)
37.6547,127.2438,1,0.937,10,45.2,0.25,0.0,큰길(12m+)
37.6539,127.2437,1,0.975,9,,,,개방
37.6538,127.2442,1,0.927,14,68.3,0.08,0.0,큰길(12m+)
37.655,127.2444,4,0.633,29,13.7,0.82,0.0,큰길(12m+)
37.6549,127.2449,2,0.758,48,24.6,0.51,0.0,큰길(12m+)
37.6548,127.2438,1,0.931,10,41.9,0.27,0.0,큰길(12m+)
37.655,127.2443,1,0.393,25,13.7,0.82,0.0,큰길(12m+)
37.6545,127.2444,1,0.619,28,16.4,0.68,0.0,큰길(12m+)
35.1816,129.1032,1,0.543,79,9.8,0.57,5.9,혼합골목(6-12m)
35.1829,129.104,1,0.576,20,40.0,0.94,0.0,큰길(12m+)
0.0,0.0,2,,0,,,,개방
35.1514,129.1161,1,0.437,45,4.7,1.18,0.0,보행골목(<6m)
35.1508,129.1162,1,0.712,33,,,,개방
35.1504,129.1159,1,0.632,29,,,,개방
35.1502,129.1158,2,0.636,21,,,,개방
35.1498,129.1155,1,0.625,23,,,,개방
35.1499,129.1154,1,0.516,27,,,,개방
35.15,129.1155,1,0.56,24,12.7,4.42,0.0,큰길(12m+)
35.1519,129.1165,2,0.322,42,13.7,1.02,0.0,큰길(12m+)
35.1519,129.1158,1,0.737,61,26.2,0.43,0.0,큰길(12m+)
35.1516,129.1169,1,0.731,31,,,,개방
35.1517,129.1167,1,0.022,37,1.2,17.03,1.9,보행골목(<6m)
35.1516,129.1164,1,0.432,37,11.2,2.37,0.0,혼합골목(6-12m)
35.1515,129.1155,1,0.682,75,23.8,1.23,0.0,큰길(12m+)
35.1517,129.1157,2,0.739,67,52.5,0.59,0.0,큰길(12m+)
35.1516,129.1156,1,0.698,69,43.0,0.23,0.0,큰길(12m+)
35.1517,129.1158,1,0.777,62,44.2,0.1,0.0,큰길(12m+)
35.1729,129.1086,1,0.828,101,29.4,0.29,0.0,큰길(12m+)
35.1826,129.1029,1,0.212,42,10.9,6.06,0.0,혼합골목(6-12m)
35.1835,129.104,1,0.52,18,29.8,1.32,0.0,큰길(12m+)
35.1839,129.1027,1,0.341,24,14.7,2.56,0.0,큰길(12m+)
35.2551,129.0913,3,0.555,51,47.2,0.71,0.0,큰길(12m+)
35.2547,129.0881,2,0.563,65,29.8,0.89,0.0,큰길(12m+)
35.2548,129.0881,4,0.557,66,29.4,0.91,0.0,큰길(12m+)
35.2312,129.0913,1,0.73,26,58.0,0.17,0.0,큰길(12m+)
35.231,129.091,2,0.581,19,39.7,1.41,0.0,큰길(12m+)
35.2309,129.091,1,0.523,22,42.1,1.33,0.0,큰길(12m+)
35.1575,129.1424,3,0.709,3,,,,개방
35.1571,129.1429,14,0.342,5,24.1,4.35,0.0,큰길(12m+)
35.218,129.085,3,0.892,37,,,,개방
35.2185,129.0849,4,0.853,28,,,,개방
35.2309,129.0864,2,0.625,108,20.7,0.68,0.0,큰길(12m+)
35.2313,129.0862,1,0.698,112,19.4,0.72,0.0,큰길(12m+)
35.2314,129.0856,1,0.586,114,16.4,1.02,0.0,큰길(12m+)
35.2314,129.0851,1,0.832,99,31.6,0.35,0.0,큰길(12m+)
35.2314,129.0845,1,0.363,80,3.7,3.45,0.0,보행골목(<6m)
35.2315,129.084,2,0.936,48,39.7,0.28,0.0,큰길(12m+)
35.2317,129.0829,4,0.794,8,52.8,0.05,3.8,큰길(12m+)
35.2317,129.0828,5,0.795,9,49.7,0.06,12.3,큰길(12m+)
35.2315,129.0813,2,1.0,8,93.8,0.03,0.0,큰길(12m+)
35.2315,129.0807,1,1.0,8,93.2,0.03,0.0,큰길(12m+)
35.2311,129.0804,8,0.998,17,39.9,0.07,0.0,큰길(12m+)
35.2312,129.0799,12,0.992,20,24.6,0.11,0.0,큰길(12m+)
35.2311,129.0803,5,0.991,18,39.7,0.07,0.0,큰길(12m+)
35.2278,129.0887,1,0.925,60,,,,개방
35.2282,129.0888,1,0.898,79,,,,개방
35.2288,129.089,3,0.727,83,28.6,0.24,0.0,큰길(12m+)
35.2288,129.0882,2,0.735,137,13.4,0.31,0.0,큰길(12m+)
35.2292,129.0881,2,0.526,138,7.5,0.94,1.9,혼합골목(6-12m)
35.2296,129.0878,1,0.524,134,9.8,0.86,0.0,혼합골목(6-12m)
35.2287,129.089,2,0.864,84,34.8,0.16,0.0,큰길(12m+)
35.2289,129.0891,3,0.822,81,23.5,0.3,0.0,큰길(12m+)
35.229,129.0892,1,0.828,74,16.8,0.25,0.0,큰길(12m+)
14.6525,121.0359,1,,0,,,,개방
35.2293,129.0892,1,0.677,71,10.4,0.67,0.0,혼합골목(6-12m)
35.2295,129.0891,2,0.403,64,14.2,0.69,0.0,큰길(12m+)
35.2297,129.0892,1,0.67,51,16.2,0.6,0.0,큰길(12m+)
35.2299,129.0891,2,0.592,52,14.8,0.57,0.0,큰길(12m+)
35.2299,129.0884,4,0.322,97,10.5,1.73,0.0,혼합골목(6-12m)
35.23,129.0891,6,0.735,57,15.3,0.27,0.0,큰길(12m+)
35.2302,129.0891,1,0.773,55,16.0,0.26,0.0,큰길(12m+)
35.2299,129.0893,1,0.536,45,14.6,0.58,8.3,큰길(12m+)
35.23,129.0884,3,0.41,95,9.6,1.9,0.0,혼합골목(6-12m)
35.2305,129.0896,1,0.614,35,42.5,1.25,0.0,큰길(12m+)
35.2295,129.0892,1,0.663,62,14.1,0.69,0.0,큰길(12m+)
35.2284,129.0888,2,0.933,89,99.9,0.04,0.0,큰길(12m+)
35.2279,129.0887,1,0.898,65,,,,개방
35.2274,129.0892,1,0.963,38,,,,개방
35.2285,129.0889,2,0.91,87,70.1,0.08,0.0,큰길(12m+)
35.2311,129.0886,2,0.535,89,15.3,0.82,0.0,큰길(12m+)
35.2309,129.0803,3,0.997,19,40.0,0.07,0.0,큰길(12m+)
35.4307,129.1917,2,0.984,25,49.4,0.11,0.0,큰길(12m+)
35.2308,129.0801,5,0.97,23,39.5,0.07,0.0,큰길(12m+)
35.231,129.08,4,0.483,21,1.6,1.71,6.1,보행골목(<6m)
37.504,127.0048,1,0.472,3,50.4,1.2,23.1,큰길(12m+)
37.5042,127.004,1,0.621,4,,,,개방
35.2117,129.0711,2,0.794,36,74.8,0.64,0.0,큰길(12m+)
35.2313,129.0797,7,0.992,20,24.6,0.11,0.0,큰길(12m+)
35.2309,129.0797,2,0.961,32,40.2,0.07,0.0,큰길(12m+)
35.2315,129.0798,2,0.803,10,10.9,0.26,3.2,혼합골목(6-12m)
35.2315,129.0796,1,0.997,13,58.0,0.05,0.0,큰길(12m+)
35.2308,129.0796,1,0.968,36,39.9,0.07,0.0,큰길(12m+)
35.2313,129.0798,30,0.966,18,24.6,0.11,0.0,큰길(12m+)
35.2307,129.0797,5,0.96,33,42.9,0.07,0.0,큰길(12m+)
35.2312,129.0797,23,0.991,21,24.6,0.11,0.0,큰길(12m+)
35.2307,129.0796,1,0.955,33,41.1,0.07,0.0,큰길(12m+)
35.2311,129.0796,9,0.804,28,24.6,0.11,7.4,큰길(12m+)
35.231,129.0796,19,0.803,33,38.3,0.07,2.3,큰길(12m+)
35.2315,129.08,3,0.984,8,17.3,0.16,0.0,큰길(12m+)
35.2309,129.0798,5,0.808,28,41.9,0.07,0.0,큰길(12m+)
35.2305,129.0796,1,0.308,40,1.5,2.75,0.0,보행골목(<6m)
35.2313,129.0805,1,0.999,8,,,,개방
35.2294,129.0834,3,0.499,74,16.7,0.67,0.0,큰길(12m+)
35.2281,129.0887,1,0.534,74,86.9,0.08,0.0,큰길(12m+)
35.2281,129.0894,1,0.863,51,,,,개방
35.2286,129.0889,1,0.705,89,38.4,0.15,0.0,큰길(12m+)
35.2291,129.0892,2,0.739,73,12.5,0.56,0.0,큰길(12m+)
35.2292,129.089,3,0.455,80,9.5,0.89,1.4,혼합골목(6-12m)
35.2293,129.0887,1,0.426,82,11.7,0.84,0.0,혼합골목(6-12m)
35.2295,129.0885,1,0.149,96,1.9,5.88,0.0,보행골목(<6m)
35.2296,129.0883,1,0.183,109,0.9,6.57,0.0,보행골목(<6m)
35.2299,129.0882,5,0.1,105,2.4,8.7,1.0,보행골목(<6m)
35.2305,129.088,2,0.457,118,7.6,1.29,0.0,혼합골목(6-12m)
37.5116,126.9609,1,0.891,6,,,,개방
35.2299,129.0881,1,0.047,112,2.8,4.48,0.0,보행골목(<6m)
35.2304,129.0879,1,0.329,121,5.8,0.97,0.0,보행골목(<6m)
35.2297,129.0884,3,0.51,100,4.2,1.35,0.0,보행골목(<6m)
35.2299,129.0883,2,0.444,99,10.4,1.75,0.0,혼합골목(6-12m)
35.2299,129.0887,1,0.397,83,10.1,1.1,2.6,혼합골목(6-12m)
35.2297,129.0881,1,0.162,116,3.6,3.46,3.6,보행골목(<6m)
35.2295,129.0882,4,0.734,120,19.5,0.43,0.0,큰길(12m+)
35.2294,129.0881,1,0.643,130,9.5,1.03,0.0,혼합골목(6-12m)
35.2293,129.0881,4,0.649,134,5.4,1.05,0.0,보행골목(<6m)
35.2291,129.088,1,0.653,148,7.8,1.08,0.0,혼합골목(6-12m)
35.229,129.088,2,0.399,145,7.4,1.7,0.0,혼합골목(6-12m)
35.2287,129.0878,1,0.697,152,7.8,0.36,0.0,혼합골목(6-12m)
35.2289,129.0879,4,0.618,147,13.0,0.54,0.0,큰길(12m+)
35.2286,129.0878,2,0.551,151,7.4,1.13,0.0,혼합골목(6-12m)
35.2284,129.0877,2,0.776,136,13.7,0.61,0.0,큰길(12m+)
35.2282,129.0876,1,0.733,127,10.7,0.65,0.0,혼합골목(6-12m)
35.2293,129.0886,1,0.388,92,4.2,1.33,0.0,보행골목(<6m)
35.2293,129.0891,1,0.508,78,10.1,0.83,4.7,혼합골목(6-12m)
35.2284,129.089,1,0.968,80,82.9,0.1,0.0,큰길(12m+)
35.2274,129.09,1,0.858,48,53.8,0.23,0.0,큰길(12m+)
35.2286,129.0892,1,0.956,76,74.0,0.23,0.0,큰길(12m+)
35.2312,129.0865,1,0.855,112,35.2,0.32,0.0,큰길(12m+)
35.2308,129.0799,5,0.968,28,51.1,0.05,0.0,큰길(12m+)
35.2182,129.0847,19,0.846,30,,,,개방
35.2183,129.0845,12,0.779,24,,,,개방
35.218,129.0843,3,0.85,33,,,,개방
35.2181,129.0853,6,0.72,44,,,,개방
35.2182,129.0845,2,0.816,27,,,,개방
35.218,129.0851,5,0.867,43,,,,개방
35.218,129.0853,2,0.659,46,,,,개방
35.2182,129.0854,12,0.71,48,,,,개방
35.2185,129.0847,2,0.784,21,,,,개방
35.2182,129.0841,8,0.735,25,,,,개방
35.2182,129.0833,1,0.285,31,10.7,3.92,0.0,혼합골목(6-12m)
35.2184,129.0836,1,0.425,34,16.6,0.59,0.0,큰길(12m+)
35.2178,129.0841,3,0.854,35,,,,개방
35.2182,129.0842,3,0.763,25,,,,개방
35.2177,129.0842,1,0.895,37,,,,개방
35.2186,129.0843,16,0.507,23,21.3,1.97,0.0,큰길(12m+)
35.2183,129.0846,6,0.802,25,,,,개방
35.2181,129.0847,41,0.886,29,,,,개방
35.2181,129.0844,2,0.845,28,,,,개방
35.2185,129.0844,2,0.632,20,78.3,0.07,0.0,큰길(12m+)
35.219,129.0843,2,0.36,30,26.2,3.42,0.0,큰길(12m+)
35.2189,129.0846,4,0.611,20,12.6,1.66,0.0,큰길(12m+)
35.2176,129.084,2,0.878,40,,,,개방
35.1819,129.1031,1,0.775,66,15.4,0.36,0.0,큰길(12m+)
35.2182,129.0848,8,0.882,29,116.8,0.04,0.0,큰길(12m+)
35.2181,129.085,3,0.891,35,,,,개방
35.2183,129.0854,3,0.8,49,,,,개방
35.2177,129.0855,1,0.727,60,27.0,0.36,0.0,큰길(12m+)
35.2179,129.0856,2,0.397,58,9.7,2.89,3.8,혼합골목(6-12m)
35.2181,129.0855,9,0.244,55,5.9,4.02,6.4,보행골목(<6m)
35.2179,129.0853,2,0.726,48,25.9,0.38,0.0,큰길(12m+)
35.2182,129.0852,13,0.843,43,,,,개방
35.2181,129.0854,21,0.527,51,,,,개방
35.2182,129.085,9,0.896,34,,,,개방
35.2181,129.0849,8,0.89,32,,,,개방
35.2181,129.0848,8,0.892,30,,,,개방
35.2183,129.085,15,0.879,33,100.5,0.08,0.0,큰길(12m+)
35.2181,129.0852,10,0.818,42,,,,개방
35.2178,129.0848,2,0.894,41,,,,개방
35.2179,129.0851,3,0.891,43,,,,개방
35.2178,129.0852,2,0.833,48,27.4,0.36,0.0,큰길(12m+)
35.2179,129.0854,2,0.524,52,24.6,0.4,1.5,큰길(12m+)
35.2176,129.0849,1,0.738,48,,,,개방
35.2176,129.0855,1,0.521,61,24.2,0.41,3.6,큰길(12m+)
35.2178,129.0851,2,0.865,43,,,,개방
35.2182,129.0853,13,0.807,44,,,,개방
35.2178,129.0853,1,0.79,48,24.8,0.4,0.0,큰길(12m+)
35.2184,129.0847,9,0.802,24,,,,개방
35.2184,129.0845,2,0.724,23,,,,개방
35.1861,129.103,1,0.474,68,29.8,0.47,0.0,큰길(12m+)
35.186,129.1029,1,0.92,60,64.6,0.22,0.0,큰길(12m+)
35.1859,129.1034,1,0.371,68,4.0,1.39,0.0,보행골목(<6m)
35.1833,129.104,1,0.573,19,40.9,0.17,0.0,큰길(12m+)
35.1828,129.1039,1,0.494,24,37.6,1.01,0.0,큰길(12m+)
35.2184,129.0849,12,0.866,29,97.7,0.19,0.0,큰길(12m+)
35.2184,129.0848,3,0.832,27,,,,개방
35.2182,129.0851,7,0.878,38,,,,개방
35.2183,129.0848,9,0.844,30,116.8,0.49,0.0,큰길(12m+)
35.2178,129.0857,1,0.517,62,24.2,0.4,2.1,큰길(12m+)
35.2177,129.0853,1,0.585,53,24.5,0.4,0.0,큰길(12m+)
35.2189,129.0845,1,0.421,23,12.1,1.74,0.0,큰길(12m+)
35.2193,129.0847,2,0.416,30,27.9,2.01,0.0,큰길(12m+)
35.2182,129.0846,8,0.836,29,,,,개방
35.2184,129.0851,3,0.88,38,110.2,0.08,0.0,큰길(12m+)
35.2184,129.0852,2,0.898,39,92.6,0.09,0.0,큰길(12m+)
35.2183,129.0852,11,0.877,40,,,,개방
35.2178,129.085,2,0.865,45,,,,개방
35.2186,129.0846,2,0.703,25,,,,개방
35.2187,129.085,1,0.843,29,,,,개방
35.2315,129.0846,1,0.825,83,31.5,0.27,0.0,큰길(12m+)
35.2316,129.0835,1,0.959,19,72.6,0.15,0.0,큰길(12m+)
35.2315,129.0814,2,1.0,8,80.6,0.03,0.0,큰길(12m+)
35.2313,129.0804,5,0.993,7,98.8,0.03,0.0,큰길(12m+)
35.2308,129.08,2,0.969,27,43.8,0.06,0.0,큰길(12m+)
35.1724,129.1211,1,0.96,30,,,,개방
35.1721,129.1212,1,0.86,27,,,,개방
35.1717,129.1215,1,0.646,14,,,,개방
35.1719,129.1214,1,0.71,17,,,,개방
35.1715,129.1216,1,0.639,11,,,,개방
35.1713,129.1218,1,0.698,6,,,,개방
35.171,129.1219,1,0.621,7,,,,개방
35.1708,129.1221,1,0.707,7,,,,개방
35.1706,129.1222,1,0.668,5,,,,개방
35.1703,129.1223,1,0.676,6,,,,개방
35.1701,129.1225,1,0.729,6,,,,개방
35.1697,129.1228,1,0.86,7,,,,개방
35.1698,129.1226,1,0.801,7,,,,개방
35.1692,129.1231,1,0.889,6,,,,개방
35.1694,129.1229,1,0.863,5,,,,개방
35.1688,129.1233,1,0.875,6,,,,개방
35.1686,129.1234,1,0.869,6,,,,개방
35.1683,129.1236,1,0.87,6,,,,개방
35.1681,129.1237,1,0.869,6,,,,개방
35.1679,129.1238,1,0.859,5,,,,개방
35.1677,129.124,1,0.893,6,,,,개방
35.1675,129.1241,1,0.88,5,,,,개방
35.1672,129.1243,1,0.9,4,,,,개방
35.1665,129.1247,1,0.917,6,,,,개방
35.167,129.1244,1,0.886,5,,,,개방
35.1667,129.1245,1,0.883,7,,,,개방
35.1662,129.1248,2,0.916,5,,,,개방
35.166,129.1249,1,0.925,5,,,,개방
35.1657,129.1251,1,0.897,5,,,,개방
35.1655,129.1252,1,0.847,6,,,,개방
35.1654,129.1253,1,0.808,6,,,,개방
35.1656,129.1256,1,0.932,3,,,,개방
35.1657,129.1259,1,0.96,2,,,,개방
35.1658,129.1261,1,0.985,1,,,,개방
35.1659,129.1265,1,,0,,,,개방
35.1661,129.1267,1,,0,,,,개방
35.1662,129.1269,1,,0,,,,개방
35.1663,129.1275,1,,0,,,,개방
35.1664,129.1277,1,,0,,,,개방
35.1665,129.128,1,,0,,,,개방
35.1667,129.1283,1,,0,,,,개방
35.1669,129.1287,1,,0,,,,개방
35.167,129.1289,1,0.988,1,,,,개방
35.1672,129.129,1,,0,,,,개방
35.1673,129.1292,1,0.97,1,,,,개방
35.1675,129.1295,1,0.945,1,,,,개방
35.1677,129.1298,1,0.893,2,,,,개방
35.1679,129.13,1,0.864,2,,,,개방
35.1679,129.1303,1,0.82,5,,,,개방
35.1683,129.1309,1,0.722,6,,,,개방
35.1681,129.1305,1,0.8,5,,,,개방
35.1684,129.1311,2,0.733,8,,,,개방
35.1683,129.1314,2,0.655,7,60.4,0.39,0.0,큰길(12m+)
35.1682,129.1316,1,0.686,9,,,,개방
35.168,129.1312,1,0.156,8,9.8,7.15,1.1,혼합골목(6-12m)
35.1682,129.1312,1,0.525,7,,,,개방
35.1686,129.1309,1,0.811,6,97.3,0.42,0.0,큰길(12m+)
35.1685,129.1312,1,0.82,6,109.3,0.47,0.0,큰길(12m+)
35.1685,129.1308,1,0.804,6,97.3,0.42,0.0,큰길(12m+)
35.1688,129.1319,2,0.946,6,,,,개방
35.1689,129.1327,1,0.825,4,67.0,0.15,0.0,큰길(12m+)
35.1684,129.1319,1,0.891,7,,,,개방
35.1686,129.1321,1,0.939,6,,,,개방
35.2339,129.0798,7,0.805,12,36.3,0.08,10.5,큰길(12m+)
35.2323,129.0805,1,0.998,7,48.4,0.06,0.0,큰길(12m+)
35.2307,129.0795,1,0.948,37,39.3,0.07,0.0,큰길(12m+)
35.2311,129.08,6,0.801,21,12.0,0.23,1.3,큰길(12m+)
35.2316,129.0809,1,0.999,9,,,,개방
35.2313,129.0825,1,0.998,7,45.7,0.06,0.0,큰길(12m+)
35.2314,129.0846,1,0.49,86,31.4,0.27,0.0,큰길(12m+)
35.2312,129.085,1,0.599,103,14.8,0.85,0.0,큰길(12m+)
35.2309,129.0849,1,0.509,97,12.4,0.68,2.3,큰길(12m+)
35.2304,129.0849,1,0.57,113,12.2,0.8,0.0,큰길(12m+)
35.2303,129.0844,1,0.532,108,11.4,0.98,0.0,혼합골목(6-12m)
35.2301,129.0839,1,0.355,100,3.3,1.71,1.4,보행골목(<6m)
35.2307,129.0818,1,0.962,10,54.0,0.05,0.0,큰길(12m+)
35.2308,129.0812,1,0.816,12,43.4,0.06,0.0,큰길(12m+)
35.2309,129.0805,1,0.991,18,39.9,0.07,0.0,큰길(12m+)
35.2309,129.0796,3,0.988,32,39.2,0.07,0.0,큰길(12m+)
35.2314,129.0795,1,0.998,18,68.7,0.04,0.0,큰길(12m+)
35.2314,129.0801,1,0.804,7,24.8,0.11,1.9,큰길(12m+)
35.2318,129.0804,1,0.998,7,46.8,0.06,0.0,큰길(12m+)
35.2339,129.0811,1,0.778,10,5.3,0.53,5.0,보행골목(<6m)
35.2345,129.0812,2,0.997,10,78.6,0.09,0.0,큰길(12m+)
35.2346,129.0812,2,0.997,12,53.0,0.05,0.0,큰길(12m+)
35.2354,129.0825,5,0.6,17,3.6,0.78,4.7,보행골목(<6m)
35.2363,129.0816,44,0.996,23,58.2,0.05,0.0,큰길(12m+)
35.2361,129.0818,1,0.999,13,59.8,0.05,0.0,큰길(12m+)
35.2369,129.0814,4,0.813,64,15.1,0.56,0.0,큰길(12m+)
35.2369,129.0816,5,0.829,66,16.3,0.52,0.0,큰길(12m+)
35.2369,129.0813,2,0.835,64,15.5,0.54,0.0,큰길(12m+)
35.2369,129.0817,6,0.829,69,16.6,0.51,0.0,큰길(12m+)
35.2364,129.0816,5,0.994,27,55.6,0.05,0.0,큰길(12m+)
35.2364,129.0815,1,0.994,28,50.9,0.05,0.0,큰길(12m+)
35.236,129.0817,2,0.978,13,40.3,0.07,0.0,큰길(12m+)
35.236,129.0815,2,0.399,11,1.5,1.87,4.8,보행골목(<6m)
35.2366,129.0814,3,0.805,43,5.9,0.47,0.0,보행골목(<6m)
35.2369,129.0819,3,0.872,71,30.8,0.14,0.0,큰길(12m+)
35.1824,129.1037,2,0.438,35,2.9,20.39,2.0,보행골목(<6m)
35.1824,129.1071,1,0.884,84,27.4,0.31,0.0,큰길(12m+)
35.2362,129.0816,7,0.996,17,60.3,0.05,0.0,큰길(12m+)
35.2367,129.0816,3,0.804,54,24.0,0.12,13.3,큰길(12m+)
35.1824,129.1074,1,0.531,100,6.9,0.81,1.4,혼합골목(6-12m)
35.2364,129.0821,1,0.99,36,42.8,0.07,0.0,큰길(12m+)
35.2365,129.0815,6,0.99,34,45.8,0.06,0.0,큰길(12m+)
35.1829,129.1066,1,0.899,61,36.0,0.16,0.0,큰길(12m+)
35.1826,129.1071,2,0.882,82,26.3,0.21,0.0,큰길(12m+)
35.1827,129.1071,1,0.859,77,26.3,0.21,0.0,큰길(12m+)
35.1839,129.1071,1,0.947,52,26.4,0.21,0.0,큰길(12m+)
35.2365,129.0816,1,0.99,35,52.4,0.05,0.0,큰길(12m+)
35.2364,129.0814,1,0.993,29,46.7,0.06,0.0,큰길(12m+)
35.1761,129.1306,6,0.836,8,92.3,0.68,0.0,큰길(12m+)
35.1757,129.131,1,0.723,9,56.3,0.75,0.0,큰길(12m+)
35.2361,129.0819,1,0.999,14,58.3,0.05,0.0,큰길(12m+)
35.1761,129.1303,1,0.792,8,49.7,0.76,0.0,큰길(12m+)
35.1755,129.131,1,0.778,11,44.9,0.22,0.0,큰길(12m+)
35.176,129.1306,2,0.826,8,67.5,0.6,0.0,큰길(12m+)
35.2362,129.0815,1,0.994,17,55.2,0.05,0.0,큰길(12m+)
35.2366,129.0816,1,0.804,46,26.3,0.11,2.4,큰길(12m+)
35.1761,129.1305,1,0.825,8,58.7,0.64,0.0,큰길(12m+)
35.176,129.1307,1,0.833,8,64.3,0.63,0.0,큰길(12m+)
35.1759,129.1307,3,0.803,10,67.4,0.6,0.0,큰길(12m+)
35.2375,129.082,1,0.348,105,5.4,3.1,0.0,보행골목(<6m)
35.2371,129.0819,1,0.505,85,11.4,0.99,0.0,혼합골목(6-12m)
35.2367,129.0815,2,0.803,54,14.2,0.2,12.1,큰길(12m+)
35.2359,129.0818,5,0.996,14,36.1,0.08,0.0,큰길(12m+)
35.2358,129.0818,1,0.997,12,38.7,0.07,0.0,큰길(12m+)
35.236,129.0816,1,0.809,13,43.2,0.06,2.8,큰길(12m+)
35.2356,129.0818,1,0.999,10,47.8,0.06,0.0,큰길(12m+)
35.2361,129.0816,1,0.992,12,59.3,0.05,0.0,큰길(12m+)
35.2361,129.0812,1,0.951,8,18.2,0.15,0.0,큰길(12m+)
35.2361,129.0817,2,0.997,13,61.9,0.05,0.0,큰길(12m+)
35.2369,129.0809,1,0.93,52,45.9,0.12,0.0,큰길(12m+)
35.2362,129.0814,2,0.978,18,41.2,0.07,0.0,큰길(12m+)
35.2363,129.0815,2,0.995,20,53.3,0.05,0.0,큰길(12m+)
35.1763,129.1304,1,0.815,7,51.2,0.74,0.0,큰길(12m+)
35.2365,129.0814,1,0.989,35,35.4,0.08,0.0,큰길(12m+)
35.2366,129.0815,5,0.804,46,15.9,0.18,1.1,큰길(12m+)
35.2363,129.0817,1,0.996,21,63.0,0.04,0.0,큰길(12m+)
35.2363,129.0819,1,0.996,23,67.8,0.04,0.0,큰길(12m+)
35.2359,129.0819,1,0.998,14,40.2,0.07,0.0,큰길(12m+)
35.2354,129.0819,1,0.998,9,56.0,0.05,0.0,큰길(12m+)
35.2347,129.0824,3,0.946,9,66.6,0.04,0.0,큰길(12m+)
35.2345,129.0819,1,0.986,9,52.7,0.05,0.0,큰길(12m+)
35.2341,129.0828,3,0.943,20,37.4,0.07,0.0,큰길(12m+)
35.2341,129.0832,2,0.925,41,57.1,0.47,0.0,큰길(12m+)
35.2338,129.0837,1,0.897,63,45.0,0.19,0.0,큰길(12m+)
35.2335,129.0842,1,0.801,90,15.5,0.54,0.0,큰길(12m+)
35.2333,129.0847,1,0.873,106,25.9,0.22,0.0,큰길(12m+)
35.2332,129.0852,1,0.574,145,9.5,0.88,0.0,혼합골목(6-12m)
35.2329,129.0855,1,0.798,145,12.6,0.45,0.0,큰길(12m+)
35.2319,129.0852,1,0.701,111,15.7,0.36,0.0,큰길(12m+)
35.2289,129.0846,4,0.653,89,14.1,0.49,0.0,큰길(12m+)
35.2285,129.0857,2,0.832,99,15.3,0.28,0.0,큰길(12m+)
35.2279,129.086,1,0.837,82,26.5,0.26,0.0,큰길(12m+)
35.2247,129.0856,1,0.86,60,77.3,0.07,0.0,큰길(12m+)
35.2221,129.0852,1,0.628,52,36.8,2.13,0.0,큰길(12m+)
35.2183,129.0838,2,0.536,32,18.8,0.6,0.0,큰길(12m+)
35.218,129.0842,4,0.83,27,,,,개방
35.218,129.0846,2,0.891,32,112.8,0.38,0.0,큰길(12m+)
35.218,129.0852,2,0.835,45,,,,개방
35.2185,129.084,4,0.209,24,2.0,40.24,5.8,보행골목(<6m)
35.2185,129.0842,26,0.502,20,33.2,1.26,2.4,큰길(12m+)
35.2183,129.0842,2,0.702,22,78.6,0.07,0.0,큰길(12m+)
35.2185,129.0841,1,0.509,22,37.2,1.13,10.7,큰길(12m+)
35.1835,129.1022,1,0.597,21,30.5,1.01,0.0,큰길(12m+)
35.1818,129.1033,2,0.542,72,6.4,0.87,7.4,혼합골목(6-12m)
35.2186,129.0847,1,0.77,20,,,,개방
35.2183,129.0844,2,0.754,23,,,,개방
35.1814,129.1035,1,0.817,95,10.1,0.56,0.0,혼합골목(6-12m)
35.2188,129.0842,2,0.237,31,21.9,2.63,3.7,큰길(12m+)
35.2179,129.0847,1,0.901,34,,,,개방
35.2179,129.0858,2,0.064,66,4.4,2.85,0.0,보행골목(<6m)
35.2011,129.0841,2,0.797,53,34.0,0.33,0.0,큰길(12m+)
35.2176,129.0839,1,0.854,34,,,,개방
35.2071,129.0717,1,0.808,65,48.0,0.26,0.0,큰길(12m+)
35.2184,129.0844,2,0.684,21,,,,개방
35.2183,129.084,5,0.557,28,24.0,1.87,0.0,큰길(12m+)
35.2309,129.08,2,0.787,24,40.0,0.07,2.1,큰길(12m+)
35.2183,129.0837,4,0.518,31,16.6,0.67,0.0,큰길(12m+)
35.2181,129.084,3,0.551,26,,,,개방
39.924,116.3734,1,,0,,,,개방
35.2312,129.0804,4,0.996,7,43.6,0.06,0.0,큰길(12m+)
35.2309,129.0801,2,0.869,21,40.5,0.07,0.0,큰길(12m+)
35.2314,129.0807,1,1.0,7,93.7,0.03,0.0,큰길(12m+)
35.2313,129.0796,2,0.997,19,54.7,0.05,0.0,큰길(12m+)
35.2357,129.0786,3,0.999,8,64.6,0.04,0.0,큰길(12m+)
35.1005,128.7406,1,0.985,3,,,,개방
35.202,129.0793,1,0.632,43,16.9,0.66,0.0,큰길(12m+)
35.1866,129.1118,1,,0,,,,개방
35.1697,129.127,1,0.974,2,,,,개방
35.1565,129.1436,1,0.862,5,44.4,0.32,0.0,큰길(12m+)
35.1568,129.1428,1,0.495,6,37.7,2.78,0.0,큰길(12m+)
35.157,129.1429,4,0.441,5,31.3,3.35,0.0,큰길(12m+)
35.1822,129.1037,2,0.68,51,25.8,1.25,0.0,큰길(12m+)
35.2341,129.0857,1,0.683,143,11.7,0.72,0.0,혼합골목(6-12m)
35.2309,129.0795,2,0.988,33,40.1,0.07,0.0,큰길(12m+)
35.1645,129.1381,1,0.488,6,34.1,0.66,0.0,큰길(12m+)
35.1651,129.1381,2,0.782,7,,,,개방
35.1817,129.1033,2,0.533,74,9.8,0.57,0.0,혼합골목(6-12m)
35.1834,129.1036,1,0.341,19,34.6,2.02,0.0,큰길(12m+)
35.1839,129.1037,1,0.193,22,6.6,10.59,2.1,혼합골목(6-12m)
35.1836,129.1036,2,0.255,24,18.2,2.15,0.0,큰길(12m+)
35.2311,129.0802,3,0.804,19,39.8,0.07,2.2,큰길(12m+)
35.2357,129.0797,1,0.997,7,44.7,0.06,0.0,큰길(12m+)
35.1568,129.1437,1,0.776,5,39.2,0.36,0.0,큰길(12m+)
35.236,129.0797,2,0.999,6,61.1,0.05,0.0,큰길(12m+)
35.2312,129.0805,3,0.999,7,,,,개방
35.1263,129.0451,1,0.409,83,29.7,1.51,1.5,큰길(12m+)
35.2218,129.0854,3,0.452,49,34.1,2.06,16.0,큰길(12m+)
35.222,129.086,2,0.467,35,19.4,3.62,0.0,큰길(12m+)
35.1261,129.0447,1,0.803,121,27.5,0.1,0.0,큰길(12m+)
35.1256,129.0455,1,0.745,46,46.4,0.36,0.0,큰길(12m+)
35.1259,129.0458,1,0.799,52,58.9,0.76,0.0,큰길(12m+)
35.1265,129.0455,1,0.481,67,21.8,0.51,0.0,큰길(12m+)
35.1267,129.0459,1,0.812,57,58.7,0.07,0.0,큰길(12m+)
35.1269,129.0462,2,0.589,57,,,,개방
35.1272,129.0461,3,0.756,65,25.6,2.57,0.0,큰길(12m+)
35.1274,129.0458,7,0.636,84,15.0,0.75,0.0,큰길(12m+)
35.222,129.0862,1,0.188,31,12.8,5.49,0.0,큰길(12m+)
35.127,129.0444,1,0.821,225,20.5,0.41,0.0,큰길(12m+)
35.222,129.0857,1,0.438,41,13.3,5.36,2.5,큰길(12m+)
35.1273,129.0451,3,0.461,155,16.4,0.6,0.0,큰길(12m+)
35.2218,129.0851,1,0.474,48,30.8,2.27,0.0,큰길(12m+)
35.1276,129.0454,2,0.578,129,16.5,0.76,0.0,큰길(12m+)
35.1481,129.0651,1,0.532,3,16.3,4.28,5.6,큰길(12m+)
35.1479,129.0634,4,0.999,2,,,,개방
35.1479,129.065,5,0.71,3,35.6,1.97,0.0,큰길(12m+)
35.1479,129.064,2,0.757,2,,,,개방
35.1487,129.0639,2,0.998,2,85.2,0.05,0.0,큰길(12m+)
35.1273,129.0459,3,0.757,74,33.2,0.21,0.0,큰길(12m+)
35.1271,129.0462,2,0.547,59,12.8,0.55,0.0,큰길(12m+)
35.1272,129.0458,3,0.737,75,18.1,0.39,0.0,큰길(12m+)
35.2215,129.0854,5,0.419,32,24.2,3.42,25.9,큰길(12m+)
35.2214,129.0858,1,0.506,21,58.6,1.22,34.2,큰길(12m+)
35.2212,129.0863,1,0.591,25,58.6,1.22,0.0,큰길(12m+)
35.2218,129.0859,1,0.451,32,16.5,4.24,17.8,큰길(12m+)
35.1274,129.0451,2,0.583,153,15.3,0.73,0.0,큰길(12m+)
35.1481,129.065,1,0.606,3,16.3,4.29,0.0,큰길(12m+)
35.1484,129.065,1,0.539,2,16.6,4.23,0.0,큰길(12m+)
35.1482,129.0646,1,0.465,2,16.3,4.3,25.4,큰길(12m+)
35.1488,129.0642,2,0.89,3,83.0,0.05,0.0,큰길(12m+)
35.1486,129.0633,1,0.993,9,,,,개방
35.1487,129.064,1,0.908,3,85.0,0.05,0.0,큰길(12m+)
35.1491,129.0644,1,0.892,4,,,,개방
35.1486,129.0634,1,0.999,7,,,,개방
35.1488,129.0638,1,0.996,2,82.3,0.05,0.0,큰길(12m+)
35.1488,129.0641,3,0.904,3,86.9,0.05,0.0,큰길(12m+)
35.1487,129.0637,1,0.998,2,80.3,0.05,0.0,큰길(12m+)
35.1487,129.065,1,0.614,3,20.8,3.37,0.0,큰길(12m+)
35.1483,129.0643,1,0.711,2,12.2,0.23,13.6,큰길(12m+)
35.1481,129.0642,1,0.411,2,1.7,1.69,31.6,보행골목(<6m)
35.2216,129.0858,1,0.459,27,17.7,3.94,41.6,큰길(12m+)
35.2216,129.0863,1,0.511,23,56.9,1.23,1.7,큰길(12m+)
35.1276,129.0453,1,0.52,135,13.0,0.97,0.0,큰길(12m+)
35.1263,129.0447,2,0.562,133,11.2,0.75,0.0,혼합골목(6-12m)
35.1243,129.0436,1,0.567,106,21.4,0.33,3.7,큰길(12m+)
35.1239,129.043,1,0.512,98,15.2,0.92,0.0,큰길(12m+)
35.1228,129.0429,1,0.684,90,29.7,0.28,0.0,큰길(12m+)
35.1221,129.0425,1,0.367,82,3.6,2.32,0.0,보행골목(<6m)
35.1199,129.0417,1,0.899,67,,,,개방
35.1199,129.0424,1,0.864,40,84.9,0.43,0.0,큰길(12m+)
35.231,129.0803,4,0.996,20,39.9,0.07,0.0,큰길(12m+)
35.1197,129.0428,1,0.704,31,27.1,0.67,0.0,큰길(12m+)
35.1199,129.0434,1,0.615,26,37.8,0.19,0.0,큰길(12m+)
35.1195,129.0434,3,0.89,24,50.1,0.25,0.0,큰길(12m+)
35.1191,129.0429,2,0.817,32,27.5,0.25,0.0,큰길(12m+)
35.1189,129.0467,1,0.7,4,,,,개방
35.1192,129.0464,2,0.892,5,,,,개방
35.1188,129.0462,2,0.903,3,,,,개방
35.1225,129.0482,1,,0,,,,개방
35.1237,129.0488,1,0.999,4,,,,개방
35.1262,129.053,1,0.994,19,,,,개방
35.1301,129.0619,1,1.0,2,,,,개방
35.1354,129.0671,1,0.794,42,62.8,0.09,0.0,큰길(12m+)
35.1368,129.0702,1,0.768,39,70.5,0.06,0.0,큰길(12m+)
35.1368,129.0712,1,0.865,37,74.0,0.08,0.0,큰길(12m+)
35.1367,129.0716,1,0.915,40,65.5,0.13,0.0,큰길(12m+)
35.1369,129.0723,1,0.978,49,79.0,0.09,0.0,큰길(12m+)
35.1369,129.0732,1,0.964,81,65.6,0.09,0.0,큰길(12m+)
35.1373,129.0744,1,0.986,89,,,,개방
35.1375,129.0752,1,0.997,68,113.1,0.05,0.0,큰길(12m+)
35.1396,129.08,1,0.986,74,64.7,0.09,0.0,큰길(12m+)
35.1404,129.0821,1,0.996,70,,,,개방
35.1409,129.0834,1,0.997,49,,,,개방
35.1415,129.085,1,1.0,1,,,,개방
35.1421,129.0864,1,0.999,2,,,,개방
35.1428,129.0879,1,0.997,49,77.5,0.07,0.0,큰길(12m+)
35.1438,129.0897,1,0.992,47,,,,개방
35.1444,129.0908,1,,0,,,,개방
35.1462,129.0938,1,1.0,15,,,,개방
35.1474,129.0949,1,0.999,29,,,,개방
35.1467,129.0943,1,0.998,44,,,,개방
35.1472,129.0947,1,0.999,45,,,,개방
35.1476,129.0951,1,0.998,15,,,,개방
35.1482,129.0956,1,0.995,28,104.0,0.05,0.0,큰길(12m+)
35.1491,129.0964,1,0.985,7,,,,개방
35.1591,129.1038,1,0.999,6,,,,개방
35.1665,129.1065,1,,0,,,,개방
35.1726,129.1088,1,0.85,108,28.4,0.34,0.0,큰길(12m+)
35.1803,129.1134,1,0.428,41,6.6,1.06,3.3,혼합골목(6-12m)
35.1816,129.1156,1,0.831,24,48.6,0.75,0.0,큰길(12m+)
35.1811,129.1159,1,0.827,25,91.7,0.03,0.0,큰길(12m+)
35.1788,129.1173,1,0.735,40,59.7,0.56,0.0,큰길(12m+)
35.1752,129.1186,1,0.944,23,,,,개방
35.1748,129.1188,1,0.928,35,,,,개방
35.0965,129.0613,1,0.837,172,21.6,0.52,0.0,큰길(12m+)
35.096,129.0613,1,0.85,216,19.8,0.28,0.0,큰길(12m+)
35.2158,129.0821,1,0.88,22,,,,개방
35.163,129.1667,1,0.742,36,35.5,0.67,0.0,큰길(12m+)
35.1482,129.0634,2,0.999,5,,,,개방
35.1482,129.0637,1,0.922,2,,,,개방
35.148,129.0636,1,0.997,2,,,,개방
35.1476,129.0633,2,0.999,6,,,,개방
35.1497,129.0628,1,0.85,14,,,,개방
35.1481,129.0634,1,0.999,5,,,,개방
35.148,129.0634,2,0.999,2,,,,개방
35.1464,129.0629,1,0.818,12,,,,개방
35.1481,129.0631,1,0.991,5,105.5,0.04,0.0,큰길(12m+)
35.1475,129.0633,1,0.999,6,,,,개방
35.1479,129.0637,1,0.943,1,,,,개방
35.1475,129.0639,1,1.0,1,,,,개방
35.1471,129.0652,1,0.747,5,,,,개방
35.1474,129.0652,1,0.758,4,,,,개방
35.1484,129.0625,1,0.895,22,57.1,0.1,0.0,큰길(12m+)
35.1472,129.0652,1,0.745,5,,,,개방
35.1483,129.0628,1,0.967,16,,,,개방
35.1466,129.0654,1,0.616,3,,,,개방
35.1483,129.0621,1,0.74,29,44.0,0.54,0.0,큰길(12m+)
35.1462,129.0655,1,0.607,5,,,,개방
35.1452,129.0666,1,0.785,70,32.2,1.09,0.0,큰길(12m+)
35.1459,129.0666,1,0.689,64,42.3,0.83,0.0,큰길(12m+)
35.1482,129.0618,1,0.738,30,37.1,0.42,0.0,큰길(12m+)
35.148,129.0612,1,0.823,43,31.7,0.18,0.0,큰길(12m+)
35.1478,129.0607,1,0.805,46,25.4,0.22,0.0,큰길(12m+)
35.1476,129.0603,1,0.847,47,30.1,0.19,0.0,큰길(12m+)
35.1474,129.0598,1,0.84,44,53.2,0.11,0.0,큰길(12m+)
35.1478,129.0592,1,0.357,65,2.5,2.21,6.0,보행골목(<6m)
35.139,129.0673,1,0.415,43,17.2,1.38,4.6,큰길(12m+)
35.0957,129.0609,1,0.628,233,10.8,1.3,0.0,혼합골목(6-12m)
35.0954,129.0604,1,0.773,303,12.5,0.34,0.0,큰길(12m+)
35.0951,129.0597,1,0.806,369,15.0,0.37,0.0,큰길(12m+)
35.1582,129.0595,1,0.495,32,11.9,0.47,5.9,혼합골목(6-12m)
35.0946,129.0589,1,0.774,326,10.0,0.7,0.0,혼합골목(6-12m)
35.1356,129.0745,1,0.71,166,9.6,0.59,0.0,혼합골목(6-12m)
35.0942,129.0573,1,0.958,182,27.7,0.2,0.0,큰길(12m+)
35.1577,129.0594,1,0.552,45,10.9,0.51,12.7,혼합골목(6-12m)
35.0943,129.0535,1,0.31,217,11.5,1.83,0.0,혼합골목(6-12m)
35.1347,129.0842,1,0.523,59,11.4,0.49,6.9,혼합골목(6-12m)
35.093,129.0505,1,0.674,296,6.8,0.62,2.4,혼합골목(6-12m)
35.163,129.0632,1,0.383,46,14.2,2.07,1.3,큰길(12m+)
35.0943,129.0475,1,0.921,78,38.4,0.11,0.0,큰길(12m+)
35.135,129.0919,1,0.729,69,22.4,0.25,0.0,큰길(12m+)
35.0939,129.0479,1,0.742,53,53.8,0.75,0.0,큰길(12m+)
35.1728,129.0712,1,0.432,54,7.2,0.78,1.2,혼합골목(6-12m)
35.1378,129.1009,2,0.482,46,10.4,0.54,4.3,혼합골목(6-12m)
35.0939,129.0467,1,0.875,49,73.6,0.49,0.0,큰길(12m+)
35.094,129.0472,1,0.875,59,85.9,0.31,0.0,큰길(12m+)
35.1374,129.1,1,0.555,42,8.8,0.64,3.9,혼합골목(6-12m)
35.094,129.0465,1,0.867,48,,,,개방
35.1735,129.0716,1,0.462,44,10.7,0.52,5.4,혼합골목(6-12m)
35.0931,129.0443,1,0.88,96,49.4,0.14,0.0,큰길(12m+)
35.1797,129.0765,1,0.556,14,,,,개방
35.1855,129.0814,1,0.85,36,20.0,0.21,0.0,큰길(12m+)
35.0928,129.0445,1,0.774,95,74.3,0.24,0.0,큰길(12m+)
35.1861,129.0813,1,0.499,33,22.3,0.25,0.0,큰길(12m+)
35.0938,129.0387,1,0.871,130,,,,개방
35.1497,129.1109,2,0.482,52,11.1,0.5,4.2,혼합골목(6-12m)
35.1011,129.0377,1,0.906,22,,,,개방
35.1501,129.111,1,0.371,49,14.1,0.4,3.0,큰길(12m+)
35.103,129.0376,1,0.885,23,83.7,0.07,0.0,큰길(12m+)
35.1959,129.0799,1,0.507,23,17.2,0.33,0.0,큰길(12m+)
35.1573,129.1131,1,0.224,48,2.1,2.65,4.2,보행골목(<6m)
35.1093,129.0373,1,0.911,75,45.0,0.53,0.0,큰길(12m+)
35.1964,129.08,1,0.901,18,,,,개방
35.1577,129.1131,1,0.435,55,7.1,0.79,5.1,혼합골목(6-12m)
35.1044,129.0418,1,0.988,1,,,,개방
35.2045,129.0781,1,0.887,21,92.2,0.11,0.0,큰길(12m+)
35.1137,129.0431,1,0.998,9,,,,개방
35.1654,129.1147,1,0.254,65,6.6,1.7,5.0,혼합골목(6-12m)
35.2062,129.0789,1,0.831,91,33.2,0.21,0.0,큰길(12m+)
35.1155,129.0459,1,0.852,3,,,,개방
35.2062,129.0781,1,0.967,37,58.8,0.17,0.0,큰길(12m+)
35.1186,129.0465,1,0.852,2,,,,개방
35.2111,129.0794,1,0.523,18,,,,개방
35.12,129.0468,1,0.996,5,,,,개방
35.2128,129.0794,1,0.939,35,81.8,0.14,0.0,큰길(12m+)
35.121,129.0475,1,1.0,1,,,,개방
35.216,129.0823,1,0.856,19,,,,개방
35.1216,129.0478,1,,0,,,,개방
35.2206,129.0862,1,0.704,61,57.9,1.23,0.0,큰길(12m+)
35.1221,129.048,1,,0,,,,개방
35.1669,129.1223,1,0.46,23,19.3,0.29,7.9,큰길(12m+)
35.1244,129.0462,3,0.4,37,14.4,4.57,6.0,큰길(12m+)
35.2207,129.0865,2,0.449,74,58.1,1.23,0.0,큰길(12m+)
35.1261,129.0536,1,1.0,9,,,,개방
35.2211,129.0864,1,0.649,38,58.5,1.22,0.0,큰길(12m+)
35.1687,129.1389,1,0.916,14,,,,개방
35.2214,129.0862,1,0.5,17,,,,개방
35.126,129.0537,1,1.0,7,,,,개방
35.2217,129.0865,1,0.653,27,,,,개방
35.1261,129.0526,1,0.987,39,,,,개방
35.2219,129.0865,1,0.559,32,13.6,5.35,0.0,큰길(12m+)
35.126,129.0523,1,0.986,59,63.0,0.04,0.0,큰길(12m+)
35.2224,129.0872,2,0.821,40,,,,개방
35.1261,129.0539,1,1.0,7,,,,개방
35.2232,129.0863,1,0.188,58,21.3,3.61,0.0,큰길(12m+)
35.1679,129.1395,1,0.794,11,20.2,0.76,0.0,큰길(12m+)
35.127,129.0555,2,0.969,6,70.6,0.22,0.0,큰길(12m+)
35.2238,129.0879,2,0.949,35,,,,개방
35.1675,129.1393,1,0.688,13,18.7,0.37,0.0,큰길(12m+)
35.2221,129.087,1,0.812,35,,,,개방
35.167,129.1396,1,0.446,15,34.4,0.86,0.0,큰길(12m+)
35.2229,129.0874,2,0.844,31,,,,개방
35.1263,129.0544,1,1.0,6,,,,개방
35.1666,129.1398,1,0.46,16,53.6,1.04,0.0,큰길(12m+)
35.1277,129.0529,1,0.99,33,28.5,0.1,0.0,큰길(12m+)
35.1666,129.1402,1,0.372,17,51.3,1.09,0.0,큰길(12m+)
35.154,129.0315,1,0.844,31,35.8,0.16,0.0,큰길(12m+)
35.1663,129.1405,1,0.316,17,35.2,1.59,0.0,큰길(12m+)
35.1478,129.0335,2,0.979,62,36.7,0.11,0.0,큰길(12m+)
35.1661,129.1409,1,0.433,18,18.7,2.99,1.4,큰길(12m+)
35.1655,129.1409,1,0.701,15,30.5,0.23,0.0,큰길(12m+)
35.1487,129.0334,1,0.977,72,93.4,0.06,0.0,큰길(12m+)
35.1814,129.1029,1,0.829,80,14.7,0.38,0.0,큰길(12m+)
35.1495,129.0328,1,0.793,62,,,,개방
35.1518,129.0329,1,0.751,72,,,,개방
35.1655,129.1401,2,0.366,14,54.6,1.02,0.0,큰길(12m+)
35.1527,129.0326,1,0.874,66,,,,개방
35.166,129.1404,1,0.393,13,52.9,1.06,0.0,큰길(12m+)
35.1517,129.0325,1,0.937,40,,,,개방
35.1513,129.0311,4,0.764,23,100.9,0.85,0.0,큰길(12m+)
35.1529,129.0319,2,0.667,19,,,,개방
35.1663,129.1396,1,0.423,16,52.7,1.06,0.0,큰길(12m+)
35.1655,129.1405,1,0.614,12,30.2,1.06,0.0,큰길(12m+)
35.1538,129.0309,2,0.764,43,76.0,0.7,0.0,큰길(12m+)
35.1663,129.1404,1,0.343,17,39.2,1.43,0.0,큰길(12m+)
35.1528,129.0309,6,0.438,11,52.8,1.91,0.0,큰길(12m+)
35.1835,129.1036,1,0.275,21,16.8,2.33,0.0,큰길(12m+)
35.1656,129.1404,2,0.54,13,28.4,1.97,0.0,큰길(12m+)
35.1512,129.0309,2,0.748,26,87.4,0.95,0.0,큰길(12m+)
35.166,129.1405,4,0.359,15,52.3,1.07,0.0,큰길(12m+)
35.1658,129.1403,3,0.446,12,36.6,1.53,0.0,큰길(12m+)
35.1661,129.1413,1,0.827,20,54.2,0.13,0.0,큰길(12m+)
35.1656,129.1406,5,0.451,12,30.2,1.07,0.0,큰길(12m+)
35.1496,129.0291,1,0.854,156,15.2,0.37,0.0,큰길(12m+)
35.1527,129.0297,1,0.694,25,42.8,0.16,0.0,큰길(12m+)
35.1525,129.0297,4,0.689,31,28.9,0.19,0.0,큰길(12m+)
35.1471,129.0299,4,0.864,68,14.8,0.57,0.0,큰길(12m+)
35.1538,129.0308,1,0.747,48,80.8,0.66,0.0,큰길(12m+)
35.1528,129.0297,3,0.711,23,35.4,1.19,0.0,큰길(12m+)
35.1531,129.0296,2,0.701,32,30.8,1.36,0.0,큰길(12m+)
35.1535,129.0292,2,0.781,69,68.3,0.76,0.0,큰길(12m+)
35.154,129.0278,2,0.744,70,30.6,0.18,0.0,큰길(12m+)
35.1532,129.0266,1,0.671,23,69.3,1.13,0.0,큰길(12m+)
35.1533,129.0271,1,0.688,18,,,,개방
35.1538,129.0276,1,0.591,52,24.9,2.82,0.0,큰길(12m+)
35.1661,129.1405,2,0.394,16,52.5,1.07,0.0,큰길(12m+)
35.1664,129.1396,1,0.39,18,39.8,1.41,0.0,큰길(12m+)
35.1662,129.1407,1,0.304,17,26.7,2.1,0.0,큰길(12m+)
35.1657,129.1405,2,0.452,12,18.3,1.76,0.0,큰길(12m+)
35.1662,129.1402,2,0.375,11,51.2,1.09,0.0,큰길(12m+)
35.1662,129.1403,1,0.377,15,52.9,1.06,0.0,큰길(12m+)
35.1661,129.1403,1,0.422,14,51.2,1.09,0.0,큰길(12m+)
35.1657,129.1403,1,0.499,12,35.4,1.58,0.0,큰길(12m+)
35.1532,129.0267,1,0.685,19,85.8,0.91,0.0,큰길(12m+)
35.1532,129.0254,2,0.777,68,59.4,0.26,0.0,큰길(12m+)
35.1548,129.025,1,0.888,98,67.8,0.08,0.0,큰길(12m+)
35.1571,129.0248,1,0.973,66,43.0,0.13,0.0,큰길(12m+)
35.1557,129.0223,1,0.849,67,15.1,0.56,0.0,큰길(12m+)
35.1548,129.0179,1,0.292,63,48.0,1.31,0.0,큰길(12m+)
35.154,129.0167,1,0.907,152,34.3,0.37,0.0,큰길(12m+)
35.1542,129.0174,2,0.895,133,31.2,0.18,0.0,큰길(12m+)
35.1543,129.018,1,0.809,133,47.1,0.77,0.0,큰길(12m+)
35.1544,129.0184,1,0.82,121,47.4,0.77,0.0,큰길(12m+)
35.1551,129.0214,1,0.811,66,92.6,0.11,0.0,큰길(12m+)
35.1561,129.0233,1,0.924,63,43.7,0.29,0.0,큰길(12m+)
35.1532,129.0253,3,0.786,71,63.8,0.09,0.0,큰길(12m+)
35.1521,129.0265,1,0.846,119,25.0,0.22,0.0,큰길(12m+)
35.152,129.0286,1,0.598,75,11.6,0.48,0.0,혼합골목(6-12m)
35.1516,129.0299,1,0.807,47,28.8,0.15,0.0,큰길(12m+)
35.1512,129.0306,2,0.767,37,38.4,0.11,0.0,큰길(12m+)
35.1517,129.0309,4,0.682,16,,,,개방
35.1466,129.0296,1,0.944,59,21.8,0.26,0.0,큰길(12m+)
35.1519,129.031,2,0.74,8,,,,개방
35.1523,129.0304,1,0.247,17,2.5,40.16,0.0,보행골목(<6m)
35.1521,129.0298,1,0.776,33,42.1,1.26,0.0,큰길(12m+)
35.1655,129.1395,1,0.446,13,2.8,19.99,1.5,보행골목(<6m)
35.1658,129.1399,2,0.367,11,52.4,1.07,0.0,큰길(12m+)
35.1497,129.0292,3,0.594,147,9.0,0.62,0.0,혼합골목(6-12m)
35.1519,129.0309,1,0.7,9,,,,개방
35.1655,129.14,1,0.369,15,54.5,1.03,0.0,큰길(12m+)
35.1659,129.1403,1,0.422,11,43.7,1.28,0.0,큰길(12m+)
35.1657,129.1401,1,0.48,13,53.1,1.06,0.0,큰길(12m+)
35.1657,129.1406,1,0.417,12,15.9,2.03,0.0,큰길(12m+)
35.1645,129.1673,1,0.5,28,49.5,1.92,0.0,큰길(12m+)
35.1646,129.1675,2,0.446,35,45.6,1.29,0.0,큰길(12m+)
35.1648,129.1675,2,0.562,30,79.2,0.74,0.0,큰길(12m+)
35.1648,129.1676,3,0.496,35,84.1,1.13,0.0,큰길(12m+)
35.1514,129.0319,1,0.847,7,,,,개방
35.1518,129.0325,1,0.958,42,,,,개방
35.1512,129.031,1,0.738,24,100.5,0.85,0.0,큰길(12m+)
35.1651,129.1676,1,0.679,27,,,,개방
35.1649,129.1676,1,0.572,32,,,,개방
35.1651,129.1691,1,0.635,38,33.0,1.53,0.0,큰길(12m+)
35.1529,129.0297,2,0.704,23,38.2,1.1,0.0,큰길(12m+)
35.151,129.0256,1,0.703,206,20.7,0.34,0.0,큰길(12m+)
35.1521,129.0312,1,0.723,5,,,,개방
35.1519,129.0298,2,0.824,36,48.7,1.09,0.0,큰길(12m+)
35.1524,129.0297,2,0.666,32,22.2,0.25,0.0,큰길(12m+)
35.1515,129.0311,1,0.781,20,,,,개방
35.1518,129.0298,1,0.783,39,48.0,1.17,0.0,큰길(12m+)
35.1523,129.0298,3,0.728,28,41.4,0.14,0.0,큰길(12m+)
35.1537,129.0306,2,0.684,44,76.3,0.7,0.0,큰길(12m+)
35.1544,129.0343,1,0.737,55,64.5,0.65,0.0,큰길(12m+)
35.1537,129.0302,1,0.654,54,62.7,0.67,0.0,큰길(12m+)
35.1556,129.0409,1,0.885,86,53.1,0.11,0.0,큰길(12m+)
35.1556,129.0412,1,0.933,85,52.0,0.11,0.0,큰길(12m+)
35.1567,129.0467,1,0.69,92,51.9,0.11,0.0,큰길(12m+)
35.1572,129.0492,1,0.825,99,51.5,0.16,0.0,큰길(12m+)
35.1572,129.0498,1,0.39,67,6.0,0.93,0.0,혼합골목(6-12m)
35.1839,129.114,1,0.844,9,,,,개방
35.157,129.0507,1,0.904,44,45.5,0.12,0.0,큰길(12m+)
35.1605,129.0501,1,0.906,67,50.8,0.14,0.0,큰길(12m+)
35.161,129.0501,1,0.977,36,,,,개방
35.1626,129.0492,1,0.994,22,,,,개방
35.1656,129.0509,1,0.286,25,11.7,2.88,7.4,혼합골목(6-12m)
35.1702,129.0529,1,0.906,28,,,,개방
35.1704,129.0543,1,0.991,10,,,,개방
35.1711,129.0573,1,0.769,46,,,,개방
35.17,129.0576,1,1.0,1,,,,개방
35.1748,129.0632,1,0.926,26,49.8,0.11,0.0,큰길(12m+)
35.1748,129.0644,1,0.957,43,69.3,0.08,0.0,큰길(12m+)
35.1746,129.0672,1,0.958,59,,,,개방
35.1743,129.0667,1,0.78,107,12.5,0.45,0.0,큰길(12m+)
35.1748,129.0669,1,0.897,60,42.0,0.17,0.0,큰길(12m+)
35.1783,129.0686,1,0.955,72,,,,개방
35.1796,129.069,1,0.986,44,,,,개방
35.1829,129.0707,1,0.778,61,23.0,0.55,0.0,큰길(12m+)
35.1854,129.0714,1,0.952,29,101.5,0.06,0.0,큰길(12m+)
35.1861,129.072,1,0.916,13,80.7,0.28,0.0,큰길(12m+)
35.1877,129.0731,1,0.892,18,71.5,0.22,0.0,큰길(12m+)
35.1897,129.0753,1,0.96,30,58.8,0.07,0.0,큰길(12m+)
35.191,129.0773,1,0.998,33,,,,개방
35.1915,129.0782,1,0.993,60,80.6,0.07,0.0,큰길(12m+)
35.1922,129.0784,1,0.975,47,63.4,0.09,0.0,큰길(12m+)
35.1929,129.0791,1,0.99,30,62.6,0.07,0.0,큰길(12m+)
35.1953,129.0796,1,0.933,35,30.4,0.18,0.0,큰길(12m+)
35.1977,129.0791,1,0.931,52,50.8,0.11,0.0,큰길(12m+)
35.1984,129.0788,1,0.931,48,78.5,0.12,0.0,큰길(12m+)
35.1989,129.0783,1,0.96,44,73.3,0.08,0.0,큰길(12m+)
35.2046,129.0776,1,0.731,26,50.9,0.19,0.0,큰길(12m+)
35.2055,129.0773,1,0.559,41,40.3,0.8,0.0,큰길(12m+)
35.2056,129.077,2,0.512,59,20.1,1.18,0.0,큰길(12m+)
35.2052,129.0778,1,0.712,20,59.1,0.4,0.0,큰길(12m+)
35.2058,129.0773,1,0.343,49,9.6,1.9,0.0,혼합골목(6-12m)
35.2057,129.0749,2,0.781,88,32.7,0.38,0.0,큰길(12m+)
35.2056,129.0766,1,0.67,72,22.3,0.5,0.0,큰길(12m+)
35.2058,129.0771,1,0.476,58,12.3,1.13,8.3,큰길(12m+)
35.1641,129.1596,1,0.485,48,8.8,1.11,3.6,혼합골목(6-12m)
35.1641,129.1597,1,0.36,48,10.4,1.21,7.5,혼합골목(6-12m)
35.1648,129.161,1,0.604,29,51.3,0.49,0.0,큰길(12m+)
35.2058,129.0766,1,0.735,82,17.8,0.24,0.0,큰길(12m+)
35.1661,129.1642,1,0.593,18,82.8,0.17,0.0,큰길(12m+)
35.165,129.1614,1,0.602,47,50.3,0.25,0.0,큰길(12m+)
35.2075,129.0707,1,0.895,52,50.1,0.17,0.0,큰길(12m+)
35.1665,129.1666,1,0.802,19,71.5,0.1,0.0,큰길(12m+)
35.2077,129.0696,1,0.973,12,,,,개방
35.208,129.0703,1,0.881,58,95.6,0.29,0.0,큰길(12m+)
35.2076,129.07,1,0.902,24,,,,개방
35.1665,129.1671,1,0.752,14,57.1,0.91,0.0,큰길(12m+)
35.1664,129.1683,1,0.838,11,60.0,0.35,0.0,큰길(12m+)
35.2051,129.0688,1,0.267,24,33.5,3.1,0.0,큰길(12m+)
35.1659,129.1681,1,0.647,13,26.1,0.96,0.0,큰길(12m+)
35.2027,129.0661,1,0.683,66,46.3,0.12,0.0,큰길(12m+)
35.1651,129.1674,1,0.715,19,98.7,0.2,0.0,큰길(12m+)
35.2013,129.0652,1,0.843,102,35.1,0.32,0.0,큰길(12m+)
35.2008,129.0648,1,0.793,92,35.6,0.24,0.0,큰길(12m+)
35.196,129.066,1,0.881,33,62.6,0.94,0.0,큰길(12m+)
35.1945,129.0672,1,0.738,37,22.0,0.57,0.0,큰길(12m+)
35.1939,129.0666,1,0.9,46,53.6,0.1,0.0,큰길(12m+)
35.1913,129.0672,1,0.708,25,23.9,0.23,0.0,큰길(12m+)
35.1951,129.0637,1,0.976,16,93.2,0.03,0.0,큰길(12m+)
35.1883,129.0593,1,0.986,2,,,,개방
35.1878,129.0575,1,0.855,2,,,,개방
35.1867,129.0552,1,0.998,6,,,,개방
35.1646,129.1673,1,0.527,30,44.5,1.32,0.0,큰길(12m+)
35.1841,129.0522,1,0.765,26,,,,개방
35.1649,129.1675,1,0.613,28,,,,개방
35.1828,129.0505,1,0.986,53,59.4,0.09,0.0,큰길(12m+)
35.182,129.0492,1,0.961,69,76.9,0.15,0.0,큰길(12m+)
35.1649,129.1682,1,0.289,38,13.0,4.32,1.3,큰길(12m+)
35.1819,129.0482,1,0.713,67,26.9,0.21,0.0,큰길(12m+)
35.1638,129.1684,1,0.585,31,65.6,0.64,0.0,큰길(12m+)
35.1823,129.0481,1,0.948,64,30.1,0.19,0.0,큰길(12m+)
35.1625,129.1657,1,0.613,43,30.9,1.04,0.0,큰길(12m+)
35.1617,129.1645,1,0.61,43,45.2,1.12,0.0,큰길(12m+)
35.1615,129.1642,1,0.705,39,33.0,0.51,0.0,큰길(12m+)
35.1613,129.1638,1,0.697,43,37.4,0.45,0.0,큰길(12m+)
35.161,129.1635,1,0.663,41,42.7,0.39,0.0,큰길(12m+)
35.182,129.0475,1,0.894,64,26.1,0.21,0.0,큰길(12m+)
35.1601,129.1628,1,0.424,17,39.0,1.65,0.0,큰길(12m+)
35.182,129.0469,1,0.92,65,70.7,0.08,0.0,큰길(12m+)
35.16,129.1619,1,0.696,31,31.0,0.41,0.0,큰길(12m+)
35.1597,129.1613,1,0.702,23,52.3,0.21,0.0,큰길(12m+)
35.1798,129.0475,1,0.809,125,15.2,0.37,0.0,큰길(12m+)
35.1789,129.0478,1,0.919,116,19.1,0.29,0.0,큰길(12m+)
35.1597,129.1605,1,0.871,27,86.5,0.1,0.0,큰길(12m+)
35.1769,129.0484,1,0.542,64,22.1,1.96,0.0,큰길(12m+)
35.1594,129.159,1,0.793,11,,,,개방
35.1759,129.0486,1,0.796,55,25.4,0.22,0.0,큰길(12m+)
35.1579,129.1505,1,0.556,7,47.4,1.0,0.0,큰길(12m+)
35.1743,129.0491,1,0.761,68,15.8,0.35,0.0,큰길(12m+)
35.1585,129.1553,1,0.814,6,45.5,0.74,0.0,큰길(12m+)
35.1737,129.0492,1,0.85,61,29.1,0.19,0.0,큰길(12m+)
35.1586,129.1537,1,0.26,16,1.7,32.98,4.7,보행골목(<6m)
35.1725,129.0495,1,0.711,69,29.8,0.19,0.0,큰길(12m+)
35.1703,129.05,1,0.822,119,16.1,0.35,0.0,큰길(12m+)
35.1582,129.1535,1,0.767,8,,,,개방
35.1581,129.1528,1,0.763,7,,,,개방
35.1691,129.0504,1,0.574,73,15.5,0.63,0.0,큰길(12m+)
35.1673,129.0505,1,0.767,37,45.5,0.09,0.0,큰길(12m+)
35.1581,129.1506,1,0.57,7,47.6,1.0,0.0,큰길(12m+)
35.1669,129.0504,1,0.773,39,43.7,0.13,0.0,큰길(12m+)
35.1581,129.1526,1,0.791,6,,,,개방
35.1595,129.1506,1,0.513,17,54.3,2.12,0.0,큰길(12m+)
35.1628,129.0497,1,0.932,5,,,,개방
35.16,129.1496,1,0.867,18,,,,개방
35.1638,129.0503,1,0.802,10,,,,개방
35.1606,129.1492,1,0.944,11,69.6,0.08,0.0,큰길(12m+)
35.1611,129.1486,2,0.613,4,,,,개방
35.1626,129.0493,1,0.994,17,,,,개방
35.1618,129.1474,1,0.808,9,,,,개방
35.1633,129.1445,1,0.941,10,,,,개방
35.163,129.145,1,0.943,23,,,,개방
35.1647,129.1434,1,0.847,5,,,,개방
35.1627,129.0475,1,0.909,106,12.6,0.44,0.0,큰길(12m+)
35.1681,129.1432,2,0.644,24,46.6,0.69,0.0,큰길(12m+)
35.1623,129.0427,1,0.892,310,56.9,0.1,0.0,큰길(12m+)
35.168,129.1437,1,0.544,19,20.5,1.78,0.0,큰길(12m+)
35.1617,129.0404,1,0.974,73,50.5,0.11,0.0,큰길(12m+)
35.1618,129.039,1,0.489,9,33.5,0.83,0.0,큰길(12m+)
35.1705,129.1412,2,0.498,15,17.1,0.49,0.0,큰길(12m+)
35.1596,129.0337,1,0.867,9,,,,개방
35.1699,129.1418,3,0.456,19,25.1,1.17,0.0,큰길(12m+)
35.1595,129.0333,1,0.878,9,,,,개방
35.1595,129.0327,1,0.5,10,15.3,1.1,0.0,큰길(12m+)
35.1698,129.1423,2,0.505,17,57.3,1.05,0.0,큰길(12m+)
35.1691,129.1437,5,0.125,10,3.3,27.17,1.6,보행골목(<6m)
35.1597,129.0323,1,0.436,13,15.1,2.79,0.0,큰길(12m+)
35.1588,129.0318,1,0.987,2,,,,개방
35.1689,129.1437,3,0.475,11,39.1,1.97,0.0,큰길(12m+)
35.1583,129.0318,1,,0,,,,개방
35.1569,129.0319,1,,0,,,,개방
35.1565,129.0319,1,0.999,9,,,,개방
35.1536,129.0321,1,0.895,27,,,,개방
35.154,129.0323,1,0.616,35,42.6,0.13,8.8,큰길(12m+)
35.1547,129.032,1,0.977,31,66.3,0.13,0.0,큰길(12m+)
35.2343,129.0847,2,0.221,139,1.4,6.21,0.0,보행골목(<6m)
35.1512,129.0303,2,0.812,51,52.2,0.08,0.0,큰길(12m+)
35.1511,129.0296,1,0.816,80,23.6,0.47,0.0,큰길(12m+)
35.1513,129.0266,1,0.457,164,11.5,0.49,0.0,혼합골목(6-12m)
35.151,129.0245,2,0.858,167,21.7,0.26,0.0,큰길(12m+)
35.1521,129.025,2,0.584,177,9.4,0.59,2.3,혼합골목(6-12m)
35.1532,129.0247,2,0.829,72,51.9,0.11,0.0,큰길(12m+)
35.1688,129.1431,3,0.487,17,54.4,1.13,0.0,큰길(12m+)
35.1689,129.1436,2,0.43,13,30.7,2.5,0.0,큰길(12m+)
35.1706,129.1416,1,0.329,13,15.2,3.67,0.0,큰길(12m+)
35.1704,129.1412,3,0.567,16,17.4,0.48,0.0,큰길(12m+)
35.1538,129.0321,1,0.895,26,57.5,0.93,0.0,큰길(12m+)
35.1511,129.0326,1,0.798,34,66.5,0.08,0.0,큰길(12m+)
35.149,129.0329,1,0.771,90,,,,개방
35.1478,129.034,1,0.94,79,50.6,0.08,0.0,큰길(12m+)
35.1489,129.0338,1,0.929,70,60.8,0.07,0.0,큰길(12m+)
35.1521,129.033,1,0.868,86,16.3,0.34,0.0,큰길(12m+)
35.168,129.142,1,0.803,34,51.1,0.66,0.0,큰길(12m+)
35.1682,129.1393,1,0.959,8,55.5,0.1,0.0,큰길(12m+)
35.1524,129.0327,1,0.942,74,,,,개방
35.1675,129.1366,1,0.959,3,91.0,0.15,0.0,큰길(12m+)
35.1527,129.0323,1,0.885,37,83.7,0.7,0.0,큰길(12m+)
35.1683,129.1353,1,0.902,1,,,,개방
35.1513,129.0313,3,0.752,22,,,,개방
35.1679,129.1341,1,0.891,3,,,,개방
35.1685,129.133,1,0.873,4,64.0,0.57,0.0,큰길(12m+)
35.1714,129.1298,1,0.964,6,,,,개방
35.1522,129.0298,3,0.76,29,42.0,1.27,0.0,큰길(12m+)
35.1721,129.131,1,0.599,9,36.5,0.27,0.0,큰길(12m+)
35.172,129.1307,1,0.665,10,37.2,0.26,0.0,큰길(12m+)
35.1722,129.1316,3,0.599,9,58.4,1.01,0.0,큰길(12m+)
35.1526,129.0297,1,0.656,28,23.3,0.3,0.0,큰길(12m+)
35.1712,129.1308,1,0.768,7,,,,개방
35.1525,129.0296,1,0.577,34,13.5,0.52,0.0,큰길(12m+)
35.2951,129.0031,1,1.0,1,,,,개방
35.1511,129.0297,1,0.801,79,22.1,0.51,0.0,큰길(12m+)
35.1509,129.0271,1,0.757,160,21.1,0.26,0.0,큰길(12m+)
35.151,129.0249,1,0.891,183,22.0,0.32,0.0,큰길(12m+)
35.1509,129.0235,1,0.772,139,21.4,0.26,0.0,큰길(12m+)
35.1505,129.0216,1,0.84,144,21.5,0.46,0.0,큰길(12m+)
35.1502,129.0202,1,0.837,116,42.3,0.53,0.0,큰길(12m+)
35.1518,129.0203,1,0.582,84,24.7,1.25,0.0,큰길(12m+)
35.1527,129.0204,1,0.66,34,33.6,1.71,0.0,큰길(12m+)
35.1708,129.1312,1,0.689,7,57.0,0.29,0.0,큰길(12m+)
35.1551,129.022,1,0.899,81,59.2,0.17,0.0,큰길(12m+)
35.1547,129.0193,1,0.744,57,47.2,0.12,0.0,큰길(12m+)
35.1547,129.0188,1,0.791,72,64.0,0.09,0.0,큰길(12m+)
35.154,129.0165,1,0.894,145,39.0,0.11,0.0,큰길(12m+)
35.1547,129.0189,1,0.798,68,48.2,0.12,0.0,큰길(12m+)
35.1543,129.0185,1,0.713,134,42.1,0.13,0.0,큰길(12m+)
35.1547,129.0187,1,0.78,77,74.2,0.08,0.0,큰길(12m+)
35.1551,129.0212,1,0.754,57,71.4,0.51,0.0,큰길(12m+)
35.1553,129.022,1,0.922,65,55.7,0.25,0.0,큰길(12m+)
35.1538,129.0209,1,0.918,32,43.8,0.13,0.0,큰길(12m+)
35.1554,129.0222,1,0.939,66,48.9,0.09,0.0,큰길(12m+)
35.1563,129.0237,1,0.958,60,55.5,0.1,0.0,큰길(12m+)
35.1535,129.0248,2,0.288,69,9.2,3.64,0.0,혼합골목(6-12m)
35.1533,129.0227,1,0.839,68,51.9,0.16,0.0,큰길(12m+)
35.1539,129.0253,1,0.46,33,35.6,1.45,0.0,큰길(12m+)
35.1541,129.0252,1,0.611,42,44.4,0.54,0.0,큰길(12m+)
35.1537,129.0253,1,0.474,38,30.7,1.69,0.0,큰길(12m+)
35.1532,129.0251,1,0.81,76,51.2,0.22,0.0,큰길(12m+)
35.1533,129.0212,1,0.494,23,16.0,0.35,2.6,큰길(12m+)
35.153,129.0204,1,0.785,19,54.3,1.06,0.0,큰길(12m+)
35.1518,129.0196,1,0.669,87,10.4,0.54,0.0,혼합골목(6-12m)
35.1512,129.0199,1,0.608,90,9.6,1.02,0.0,혼합골목(6-12m)
35.1512,129.0205,1,0.467,116,11.4,1.6,0.0,혼합골목(6-12m)
35.1514,129.0218,1,0.611,142,10.4,0.54,0.0,혼합골목(6-12m)
35.152,129.022,1,0.641,137,9.6,0.59,0.0,혼합골목(6-12m)
35.153,129.0218,2,0.601,53,44.4,0.47,0.0,큰길(12m+)
35.153,129.0233,1,0.822,89,63.7,0.09,0.0,큰길(12m+)
35.1532,129.0261,1,0.65,44,51.2,0.27,0.0,큰길(12m+)
35.1528,129.028,1,0.848,35,,,,개방
35.1521,129.029,1,0.573,68,9.8,1.0,0.0,혼합골목(6-12m)
35.1521,129.0297,1,0.726,35,42.1,1.26,0.0,큰길(12m+)
35.1526,129.0298,1,0.69,25,24.6,0.28,0.0,큰길(12m+)
35.1526,129.0305,1,0.642,18,58.8,0.9,0.0,큰길(12m+)
35.1534,129.0309,1,0.587,19,,,,개방
35.1518,129.0311,1,0.77,12,,,,개방
35.2345,129.0846,4,0.505,134,10.9,0.9,0.0,혼합골목(6-12m)
35.1717,129.132,1,0.463,7,69.4,0.65,0.0,큰길(12m+)
35.1715,129.1322,1,0.486,8,39.3,2.39,0.0,큰길(12m+)
35.1715,129.131,1,0.083,7,1.3,43.46,0.0,보행골목(<6m)
35.1711,129.1309,1,0.752,6,,,,개방
35.1714,129.1306,1,0.821,7,,,,개방
35.1711,129.1308,1,0.795,6,,,,개방
35.1707,129.131,1,0.774,6,81.6,0.21,0.0,큰길(12m+)
35.17,129.1298,1,0.92,3,,,,개방
35.1718,129.1279,1,0.856,5,71.0,0.34,0.0,큰길(12m+)
35.171,129.129,1,0.972,5,,,,개방
35.17,129.1297,1,0.926,3,,,,개방
35.1692,129.1293,1,0.377,2,23.7,1.65,5.5,큰길(12m+)
35.1688,129.1295,2,0.266,1,10.9,3.59,33.7,혼합골목(6-12m)
35.1691,129.13,1,0.456,2,48.4,0.81,25.9,큰길(12m+)
35.1687,129.1297,1,0.474,1,43.6,0.9,20.7,큰길(12m+)
35.1699,129.1283,4,0.492,3,34.3,0.57,36.8,큰길(12m+)
35.1695,129.1287,2,0.594,2,36.9,0.8,0.0,큰길(12m+)
35.1694,129.1287,1,0.658,2,38.7,0.76,0.0,큰길(12m+)
35.1688,129.1297,1,0.479,1,47.2,0.83,29.5,큰길(12m+)
35.1691,129.1301,1,0.467,2,56.5,0.69,30.8,큰길(12m+)
35.1688,129.1298,1,0.484,1,52.7,0.74,24.2,큰길(12m+)
35.1691,129.1291,1,0.379,2,24.3,1.62,26.7,큰길(12m+)
35.1528,129.0302,1,0.426,19,52.7,1.01,1.7,큰길(12m+)
35.1518,129.03,1,0.772,36,49.1,1.14,0.0,큰길(12m+)
35.1688,129.1296,1,0.232,1,8.4,4.66,33.3,혼합골목(6-12m)
35.169,129.1291,1,0.337,2,13.3,2.94,32.7,큰길(12m+)
35.1695,129.1288,7,0.638,2,35.5,0.83,0.0,큰길(12m+)
35.1692,129.1291,2,0.415,2,35.6,1.1,20.8,큰길(12m+)
35.1691,129.129,2,0.507,2,37.7,0.78,25.1,큰길(12m+)
35.1695,129.1289,2,0.656,2,35.2,0.83,0.0,큰길(12m+)
35.1692,129.1292,2,0.398,2,29.8,1.32,13.1,큰길(12m+)
35.1693,129.1275,1,0.96,1,,,,개방
35.1698,129.128,1,0.258,3,1.3,15.46,30.7,보행골목(<6m)
35.1699,129.1288,1,0.53,2,65.9,0.45,15.3,큰길(12m+)
35.1821,129.104,1,0.87,65,48.5,0.12,0.0,큰길(12m+)
35.1704,129.1268,1,0.535,2,,,,개방
35.1713,129.1271,1,0.084,3,2.0,12.79,5.2,보행골목(<6m)
35.1707,129.1284,1,0.939,4,,,,개방
35.1722,129.1309,1,0.473,10,37.0,0.27,0.0,큰길(12m+)
35.173,129.1302,1,0.45,13,27.1,1.66,0.0,큰길(12m+)
35.1722,129.1312,1,0.553,10,33.8,1.91,0.0,큰길(12m+)
35.1725,129.1327,1,0.711,11,46.7,0.96,0.0,큰길(12m+)
35.1711,129.135,1,0.982,11,82.0,0.12,0.0,큰길(12m+)
35.182,129.1038,1,0.851,68,36.0,0.16,0.0,큰길(12m+)
35.1709,129.1356,1,0.991,8,,,,개방
35.1696,129.1381,1,0.632,47,9.3,0.45,0.0,혼합골목(6-12m)
35.1694,129.1395,1,0.965,40,79.4,0.05,0.0,큰길(12m+)
35.1708,129.1407,1,0.845,15,48.3,0.12,0.0,큰길(12m+)
35.1686,129.1412,1,0.872,38,41.1,0.1,0.0,큰길(12m+)
35.1682,129.144,1,0.706,19,50.3,0.11,0.0,큰길(12m+)
35.1687,129.145,1,0.604,9,,,,개방
35.1686,129.1438,4,0.611,16,80.7,0.9,0.0,큰길(12m+)
35.1692,129.1443,2,0.713,7,,,,개방
35.1697,129.1421,1,0.539,23,55.1,1.07,0.0,큰길(12m+)
35.1607,129.1145,1,0.51,87,7.2,2.13,0.0,혼합골목(6-12m)
35.168,129.1438,1,0.618,18,31.4,1.16,0.0,큰길(12m+)
35.1684,129.1433,1,0.538,20,51.8,0.7,0.0,큰길(12m+)
35.168,129.1429,2,0.646,22,67.3,0.1,0.0,큰길(12m+)
35.168,129.1424,1,0.752,28,34.2,0.86,0.0,큰길(12m+)
35.1679,129.142,1,0.745,31,53.3,0.63,0.0,큰길(12m+)
35.168,129.1415,1,0.895,37,79.5,0.16,0.0,큰길(12m+)
35.1672,129.1419,3,0.48,21,33.0,1.91,0.0,큰길(12m+)
35.1668,129.1422,1,0.53,19,35.0,1.84,0.0,큰길(12m+)
35.1664,129.1416,2,0.453,23,30.4,1.15,11.4,큰길(12m+)
35.1655,129.1419,1,0.8,16,110.7,0.04,0.0,큰길(12m+)
35.165,129.1422,1,0.749,14,105.4,0.57,0.0,큰길(12m+)
35.1648,129.1425,1,0.746,7,,,,개방
35.1646,129.1426,1,0.8,7,94.2,0.64,0.0,큰길(12m+)
35.1643,129.143,2,0.884,6,,,,개방
35.1642,129.1437,1,0.945,6,,,,개방
35.1641,129.1439,1,0.975,4,,,,개방
35.1635,129.1442,1,0.931,7,118.3,0.27,0.0,큰길(12m+)
35.1635,129.1447,1,0.943,14,,,,개방
35.1633,129.1451,1,0.974,31,,,,개방
35.1631,129.1455,1,0.944,46,,,,개방
35.1628,129.146,1,0.928,43,,,,개방
35.1623,129.1464,2,0.905,25,,,,개방
35.1622,129.1469,1,0.831,16,,,,개방
35.1618,129.1473,1,0.814,9,,,,개방
35.1616,129.1477,1,0.849,6,,,,개방
35.1614,129.1482,1,0.561,5,50.8,0.66,1.9,큰길(12m+)
35.1609,129.149,2,0.618,6,,,,개방
35.1607,129.1495,1,0.532,12,28.2,0.2,0.0,큰길(12m+)
35.1602,129.1517,1,0.628,47,38.2,1.5,0.0,큰길(12m+)
35.1606,129.1487,1,0.969,6,82.4,0.07,0.0,큰길(12m+)
35.1604,129.1499,1,0.945,24,,,,개방
35.1602,129.1502,1,0.862,32,103.9,0.65,0.0,큰길(12m+)
35.1601,129.1512,1,0.601,42,39.9,1.75,0.0,큰길(12m+)
35.1602,129.1518,1,0.618,48,38.0,1.51,0.0,큰길(12m+)
35.1603,129.1522,1,0.738,47,52.3,0.4,0.0,큰길(12m+)
35.1605,129.1527,1,0.805,39,43.4,0.13,0.0,큰길(12m+)
35.1612,129.1539,1,0.675,27,65.2,0.84,0.0,큰길(12m+)
35.1617,129.1542,2,0.806,23,31.3,0.13,0.0,큰길(12m+)
35.1623,129.1541,1,0.98,24,,,,개방
35.1625,129.1555,3,0.678,49,29.7,0.28,0.0,큰길(12m+)
35.1629,129.1557,2,0.787,53,35.1,0.12,0.0,큰길(12m+)
35.1631,129.1561,2,0.775,55,64.9,0.86,0.0,큰길(12m+)
35.1629,129.1566,1,0.449,42,20.1,5.29,0.0,큰길(12m+)
35.1636,129.1569,1,0.713,53,61.6,0.27,0.0,큰길(12m+)
35.1639,129.1573,1,0.881,55,62.0,0.07,0.0,큰길(12m+)
35.164,129.1576,1,0.973,52,68.6,0.06,0.0,큰길(12m+)
35.1643,129.158,1,0.956,67,58.0,0.1,0.0,큰길(12m+)
35.1636,129.1589,1,0.414,38,23.6,0.3,2.8,큰길(12m+)
35.1634,129.1584,1,0.617,33,25.3,0.17,6.2,큰길(12m+)
35.1633,129.1591,1,0.671,49,37.3,1.69,0.0,큰길(12m+)
35.1628,129.1596,1,0.586,56,35.7,0.2,0.0,큰길(12m+)
35.1625,129.1599,1,0.643,63,34.7,0.24,0.0,큰길(12m+)
35.1621,129.1601,1,0.679,68,32.9,0.43,0.0,큰길(12m+)
35.1618,129.1603,1,0.722,66,33.9,0.25,0.0,큰길(12m+)
35.1615,129.1606,1,0.788,70,41.6,0.3,0.0,큰길(12m+)
35.1612,129.1609,1,0.725,86,30.3,0.37,0.0,큰길(12m+)
35.1609,129.1612,1,0.654,87,36.4,1.31,0.0,큰길(12m+)
35.1605,129.1614,1,0.588,72,38.7,0.62,0.0,큰길(12m+)
35.1602,129.162,1,0.341,41,1.5,3.76,2.6,보행골목(<6m)
35.1598,129.1623,1,0.822,15,68.4,0.08,0.0,큰길(12m+)
35.1594,129.1626,1,0.912,6,,,,개방
35.16,129.1635,2,0.637,5,20.6,1.23,0.0,큰길(12m+)
35.1602,129.1629,1,0.462,18,40.1,1.6,0.0,큰길(12m+)
35.1599,129.1621,4,0.792,24,78.7,0.41,0.0,큰길(12m+)
35.1599,129.1625,1,0.705,15,51.6,0.49,0.0,큰길(12m+)
35.1598,129.1629,1,0.564,8,49.9,0.51,0.0,큰길(12m+)
35.1595,129.1625,2,0.783,9,,,,개방
35.1594,129.1635,3,0.95,3,,,,개방
35.1593,129.1631,2,0.95,3,,,,개방
35.1595,129.1642,3,0.98,3,,,,개방
35.1597,129.1651,3,0.967,3,,,,개방
35.1596,129.1656,1,0.925,3,,,,개방
35.1602,129.1665,1,0.512,7,,,,개방
35.1595,129.1674,3,0.917,3,,,,개방
35.1595,129.1684,3,0.874,3,,,,개방
35.1594,129.168,1,0.967,3,,,,개방
35.1596,129.1682,1,0.933,3,,,,개방
35.1596,129.1674,1,0.889,3,,,,개방
35.1587,129.1604,1,0.997,4,,,,개방
35.1596,129.1658,1,0.891,2,,,,개방
35.1603,129.1652,1,0.584,8,21.5,0.26,20.5,큰길(12m+)
35.1603,129.1646,1,0.97,12,54.3,0.1,0.0,큰길(12m+)
35.1597,129.1616,1,0.779,21,114.9,0.05,0.0,큰길(12m+)
35.1602,129.1618,1,0.558,47,37.4,0.6,0.0,큰길(12m+)
35.1606,129.1619,1,0.395,71,8.7,5.0,2.2,혼합골목(6-12m)
35.1608,129.1614,1,0.552,92,38.1,0.62,0.0,큰길(12m+)
35.161,129.1611,1,0.686,87,37.4,1.24,0.0,큰길(12m+)
35.1614,129.1608,1,0.716,78,40.5,0.24,0.0,큰길(12m+)
35.1618,129.1606,1,0.591,61,16.7,0.75,0.0,큰길(12m+)
35.1621,129.1603,1,0.748,64,40.8,0.17,0.0,큰길(12m+)
35.1623,129.16,1,0.669,68,35.5,0.43,0.0,큰길(12m+)
35.1627,129.1597,1,0.583,60,37.5,0.19,0.0,큰길(12m+)
35.1631,129.1595,1,0.439,50,33.9,1.11,0.0,큰길(12m+)
35.1633,129.1592,1,0.633,49,37.7,1.75,0.0,큰길(12m+)
35.1635,129.1587,1,0.367,37,26.7,2.31,3.9,큰길(12m+)
35.1636,129.1583,1,0.84,33,49.0,0.11,0.0,큰길(12m+)
35.1639,129.1585,1,0.393,46,4.4,1.27,1.7,보행골목(<6m)
35.1644,129.1577,1,0.704,68,9.7,0.58,0.0,혼합골목(6-12m)
35.164,129.1575,1,0.939,52,65.6,0.06,0.0,큰길(12m+)
35.1637,129.1571,1,0.835,53,60.5,0.07,0.0,큰길(12m+)
35.1635,129.1567,1,0.839,48,86.3,0.03,0.0,큰길(12m+)
35.163,129.1559,1,0.785,55,59.6,0.96,0.0,큰길(12m+)
35.1614,129.1549,1,0.844,36,38.1,0.22,0.0,큰길(12m+)
35.1618,129.1542,1,0.904,23,,,,개방
35.1615,129.1537,2,0.908,17,,,,개방
35.1611,129.1531,1,0.905,21,50.6,0.11,0.0,큰길(12m+)
35.1606,129.1528,1,0.823,37,41.4,0.1,0.0,큰길(12m+)
35.1604,129.1524,1,0.755,42,37.2,0.41,0.0,큰길(12m+)
35.1602,129.1519,1,0.638,46,38.1,1.51,0.0,큰길(12m+)
35.1601,129.1513,1,0.59,41,46.8,1.47,0.0,큰길(12m+)
35.1601,129.1507,1,0.732,42,36.5,1.8,0.0,큰길(12m+)
35.1603,129.15,1,0.93,27,,,,개방
35.1596,129.1504,1,0.672,21,51.0,2.25,0.0,큰길(12m+)
35.1607,129.1493,1,0.605,12,,,,개방
35.1615,129.148,1,0.526,6,43.6,0.77,2.8,큰길(12m+)
35.1621,129.1477,2,0.594,8,,,,개방
35.1623,129.147,1,0.759,18,,,,개방
35.1629,129.1462,1,0.688,49,15.2,0.64,0.0,큰길(12m+)
35.1626,129.1457,1,0.945,33,,,,개방
35.163,129.1451,1,0.958,24,,,,개방
35.1638,129.1449,1,0.783,15,36.2,0.31,0.0,큰길(12m+)
35.1639,129.1425,1,0.777,7,78.4,0.7,0.0,큰길(12m+)
35.1637,129.1444,1,0.948,10,,,,개방
35.1631,129.1444,1,0.901,8,,,,개방
35.1629,129.1448,1,0.914,14,,,,개방
35.1635,129.1446,1,0.945,13,,,,개방
35.1637,129.1441,1,0.937,6,,,,개방
35.1638,129.1436,1,0.899,6,,,,개방
35.1641,129.1432,1,0.902,5,,,,개방
35.1647,129.1425,1,0.768,6,89.7,0.67,0.0,큰길(12m+)
35.165,129.1426,2,0.675,12,,,,개방
35.1653,129.142,1,0.777,16,113.3,0.54,0.0,큰길(12m+)
35.1658,129.1424,1,0.557,14,24.8,1.47,0.0,큰길(12m+)
35.1669,129.1419,1,0.623,21,46.3,0.76,0.0,큰길(12m+)
35.1679,129.1416,1,0.861,36,77.0,0.16,0.0,큰길(12m+)
35.1681,129.1419,2,0.823,38,55.1,0.61,0.0,큰길(12m+)
35.1681,129.1423,1,0.809,32,45.6,0.15,0.0,큰길(12m+)
35.168,129.1428,1,0.65,22,64.2,0.92,0.0,큰길(12m+)
35.1684,129.1432,1,0.511,21,50.0,0.73,0.0,큰길(12m+)
35.1686,129.1435,1,0.445,15,56.2,0.6,2.7,큰길(12m+)
35.1682,129.1441,1,0.726,18,54.4,0.1,0.0,큰길(12m+)
35.1688,129.1432,1,0.45,15,55.1,1.4,0.0,큰길(12m+)
35.1698,129.1422,3,0.398,19,46.2,0.64,1.6,큰길(12m+)
35.1706,129.1415,1,0.2,13,11.5,4.86,0.0,혼합골목(6-12m)
35.1818,129.1028,1,0.51,69,6.9,0.81,1.5,혼합골목(6-12m)
35.1835,129.1041,1,0.511,18,29.8,1.32,0.0,큰길(12m+)
35.1839,129.104,1,0.353,21,24.2,2.89,0.0,큰길(12m+)
35.1855,128.8311,3,0.929,1,,,,개방
35.1853,128.8307,2,0.56,1,6.7,0.84,30.1,혼합골목(6-12m)
35.1823,128.8329,1,1.0,1,,,,개방
35.1827,129.103,1,0.258,37,8.0,8.59,0.0,혼합골목(6-12m)
35.1822,129.1035,2,0.614,45,28.8,1.12,0.0,큰길(12m+)
35.1824,129.1041,1,0.813,41,38.7,0.83,0.0,큰길(12m+)
35.1829,129.1042,1,0.622,20,39.1,0.97,0.0,큰길(12m+)
35.1831,129.1041,1,0.593,17,33.1,1.14,0.0,큰길(12m+)
35.1834,129.1041,1,0.564,19,48.6,1.44,0.0,큰길(12m+)
35.1836,129.1041,1,0.44,19,34.3,1.14,0.0,큰길(12m+)
35.1839,129.1041,1,0.346,21,24.2,2.89,0.0,큰길(12m+)
35.1844,129.104,1,0.392,22,27.4,2.56,0.0,큰길(12m+)
35.1846,129.1041,2,0.436,20,38.6,1.81,0.0,큰길(12m+)
35.1849,129.1041,1,0.531,17,22.5,0.25,0.0,큰길(12m+)
35.1851,129.1041,1,0.649,23,22.3,1.7,0.0,큰길(12m+)
35.1852,129.1044,1,0.81,30,57.5,0.07,0.0,큰길(12m+)
35.185,129.1051,1,0.889,31,51.4,0.71,0.0,큰길(12m+)
35.1847,129.1056,1,0.921,25,51.4,0.16,0.0,큰길(12m+)
35.1846,129.1059,1,0.943,26,35.7,0.24,0.0,큰길(12m+)
35.1845,129.1066,1,0.982,35,73.8,0.06,0.0,큰길(12m+)
35.1845,129.1069,1,0.971,42,28.2,0.15,0.0,큰길(12m+)
35.1845,129.1072,1,0.978,55,42.1,0.13,0.0,큰길(12m+)
35.1845,129.1075,1,0.955,64,22.9,0.24,0.0,큰길(12m+)
35.1845,129.1078,1,0.967,76,33.6,0.17,0.0,큰길(12m+)
35.1845,129.108,1,0.95,88,21.3,0.26,0.0,큰길(12m+)
35.1845,129.1084,1,0.936,111,21.3,0.26,0.0,큰길(12m+)
35.1845,129.1087,1,0.944,120,21.0,0.27,0.0,큰길(12m+)
35.1845,129.109,1,0.955,126,22.1,0.25,0.0,큰길(12m+)
35.1845,129.1093,1,0.952,128,21.4,0.26,0.0,큰길(12m+)
35.1845,129.1097,1,0.937,126,23.7,0.24,0.0,큰길(12m+)
35.1845,129.1099,1,0.942,115,29.1,0.19,0.0,큰길(12m+)
35.1845,129.1103,1,0.875,93,21.3,0.26,0.0,큰길(12m+)
35.1845,129.1109,1,0.76,54,41.5,0.57,0.0,큰길(12m+)
35.1845,129.1106,1,0.783,73,23.3,0.18,0.0,큰길(12m+)
35.1845,129.1112,1,0.812,41,46.3,0.51,0.0,큰길(12m+)
35.1845,129.1115,1,0.779,27,43.6,0.55,0.0,큰길(12m+)
35.1845,129.1119,1,0.805,12,46.6,0.51,0.0,큰길(12m+)
35.1844,129.1122,1,0.782,9,49.7,0.48,0.0,큰길(12m+)
35.1844,129.1125,1,0.882,9,47.2,0.21,0.0,큰길(12m+)
35.1845,129.1129,1,0.951,9,,,,개방
35.1845,129.1131,1,0.968,8,,,,개방
35.1843,129.1134,1,0.921,10,,,,개방
35.1842,129.1137,1,0.937,6,,,,개방
35.184,129.114,1,0.894,8,,,,개방
35.1837,129.1142,1,0.833,9,,,,개방
35.1834,129.1144,1,0.818,8,,,,개방
35.1833,129.1145,1,0.811,10,,,,개방
35.183,129.1147,1,0.795,11,,,,개방
35.1829,129.1148,1,0.785,11,,,,개방
35.1826,129.1151,1,0.796,12,104.8,0.35,0.0,큰길(12m+)
35.1824,129.1152,1,0.79,12,87.0,0.42,0.0,큰길(12m+)
35.1827,129.1154,1,0.723,14,,,,개방
35.1829,129.1154,1,0.724,14,,,,개방
35.1832,129.1155,1,0.705,13,,,,개방
35.1835,129.1155,1,0.817,8,,,,개방
35.1838,129.1156,1,0.82,7,,,,개방
35.1841,129.1157,1,0.832,8,,,,개방
35.1844,129.1157,1,0.94,6,,,,개방
35.1847,129.1155,1,0.969,6,,,,개방
35.1851,129.1155,1,0.997,3,,,,개방
35.1853,129.1155,1,0.998,3,,,,개방
35.1856,129.1157,1,1.0,3,,,,개방
35.1858,129.1157,1,1.0,2,,,,개방
35.186,129.1156,1,1.0,1,,,,개방
35.1862,129.1155,1,1.0,1,,,,개방
35.1864,129.1154,1,,0,,,,개방
35.1867,129.1154,1,,0,,,,개방
35.187,129.1153,1,,0,,,,개방
35.1872,129.1152,1,,0,,,,개방
35.1875,129.1151,1,,0,,,,개방
35.1878,129.115,1,,0,,,,개방
35.1881,129.1149,1,1.0,1,,,,개방
35.1883,129.1149,1,0.999,1,,,,개방
35.1886,129.1148,1,0.999,1,,,,개방
35.189,129.1147,1,0.999,3,,,,개방
35.1898,129.1145,1,0.992,27,,,,개방
35.1892,129.1147,1,0.999,4,,,,개방
35.1895,129.1146,1,0.998,13,,,,개방
35.19,129.1144,1,0.991,37,,,,개방
35.1903,129.1143,1,0.992,47,,,,개방
35.1907,129.1142,1,0.988,48,,,,개방
35.1909,129.1142,1,0.989,43,,,,개방
35.1912,129.1141,1,0.976,29,,,,개방
35.1914,129.114,1,0.955,23,,,,개방
35.1917,129.114,1,0.947,11,,,,개방
35.1926,129.1138,1,0.972,34,,,,개방
35.1929,129.1137,1,0.986,31,,,,개방
35.1932,129.1136,1,0.997,30,,,,개방
35.192,129.1139,1,0.922,27,,,,개방
35.1923,129.1138,1,0.932,31,,,,개방
35.1939,129.1135,1,0.98,24,,,,개방
35.1936,129.1136,1,0.996,21,,,,개방
35.1948,129.1135,1,0.345,17,0.9,3.09,0.0,보행골목(<6m)
35.1942,129.1135,1,0.942,18,,,,개방
35.1945,129.1135,1,0.915,16,72.4,0.12,0.0,큰길(12m+)
35.1951,129.1135,1,0.77,17,40.6,0.9,0.0,큰길(12m+)
35.1956,129.1135,1,0.659,17,15.0,0.19,1.4,큰길(12m+)
35.1962,129.1136,1,0.933,11,,,,개방
35.1959,129.1135,1,0.88,13,45.2,0.06,0.0,큰길(12m+)
35.1969,129.1137,1,,0,,,,개방
35.1976,129.1139,1,0.983,2,,,,개방
35.1965,129.1137,1,0.991,7,,,,개방
35.1972,129.1138,1,,0,,,,개방
35.1983,129.1142,1,0.904,4,,,,개방
35.198,129.1141,1,0.972,2,,,,개방
35.199,129.1145,1,0.917,3,,,,개방
35.1987,129.1144,1,0.886,4,,,,개방
35.1993,129.1147,1,0.964,6,,,,개방
35.1997,129.1149,1,0.971,9,,,,개방
35.2,129.1151,1,0.972,9,,,,개방
35.2002,129.1153,1,0.979,9,,,,개방
35.2011,129.1159,1,0.953,11,,,,개방
35.2006,129.1155,1,0.976,10,,,,개방
35.2008,129.1157,1,0.978,9,,,,개방
35.2017,129.1163,1,0.876,9,,,,개방
35.2014,129.1161,1,0.922,9,,,,개방
35.2022,129.1167,1,0.927,7,,,,개방
35.2019,129.1165,1,0.902,9,,,,개방
35.2024,129.1169,1,0.956,6,,,,개방
35.2027,129.1171,1,0.946,5,,,,개방
35.203,129.1173,1,0.936,6,,,,개방
35.2033,129.1175,1,0.936,6,,,,개방
35.2035,129.1177,1,0.933,6,,,,개방
35.2038,129.1179,1,0.901,7,,,,개방
35.204,129.1181,1,0.876,6,,,,개방
35.2043,129.1182,1,0.798,6,,,,개방
35.2045,129.1184,1,0.844,7,,,,개방
35.2056,129.1192,1,,0,,,,개방
35.2048,129.1186,1,0.856,7,,,,개방
35.205,129.1188,1,0.881,7,,,,개방
35.2053,129.1189,2,0.853,8,,,,개방
35.2059,129.1192,1,0.81,5,,,,개방
35.2061,129.1194,1,0.831,5,,,,개방
35.2064,129.1195,1,0.841,4,,,,개방
35.2068,129.1198,1,0.877,4,,,,개방
35.207,129.1199,1,0.88,4,,,,개방
35.2074,129.12,1,0.89,3,,,,개방
35.2081,129.1202,1,0.953,4,,,,개방
35.2084,129.1201,1,0.965,4,,,,개방
35.2077,129.1201,1,0.915,3,,,,개방
35.2091,129.1202,1,0.991,3,,,,개방
35.2089,129.1202,1,0.994,3,,,,개방
35.2107,129.1202,1,0.806,6,51.0,0.55,0.0,큰길(12m+)
35.2096,129.1202,1,0.965,4,,,,개방
35.2113,129.12,1,0.865,6,,,,개방
35.2099,129.1202,1,0.929,5,59.8,0.47,0.0,큰길(12m+)
35.2117,129.1199,1,0.945,6,,,,개방
35.2103,129.1203,1,0.835,6,57.1,0.49,0.0,큰길(12m+)
35.211,129.1201,1,0.838,7,73.0,0.38,0.0,큰길(12m+)
35.212,129.1197,1,0.962,8,,,,개방
35.2124,129.1196,1,0.972,12,,,,개방
35.2127,129.1195,1,0.965,15,,,,개방
35.213,129.1194,1,0.974,15,,,,개방
35.2136,129.1191,1,0.985,15,,,,개방
35.2133,129.1192,1,0.971,17,,,,개방
35.2139,129.119,1,0.994,11,,,,개방
35.2142,129.1189,1,0.987,11,,,,개방
35.2146,129.1187,1,0.979,11,,,,개방
35.2149,129.1186,1,0.994,18,,,,개방
35.2152,129.1185,1,0.998,19,,,,개방
35.2156,129.1183,1,0.998,27,,,,개방
35.2159,129.1182,1,0.997,29,,,,개방
35.2162,129.1181,1,0.997,28,,,,개방
35.2165,129.118,1,0.997,35,,,,개방
35.2176,129.1175,1,0.991,30,,,,개방
35.2169,129.1179,1,0.998,31,,,,개방
35.2183,129.1173,1,0.983,21,37.8,0.11,0.0,큰길(12m+)
35.2172,129.1177,1,0.997,30,,,,개방
35.2191,129.117,1,0.996,20,,,,개방
35.2179,129.1174,1,0.994,25,,,,개방
35.2196,129.117,1,0.999,17,,,,개방
35.2187,129.1171,1,0.992,23,40.4,0.1,0.0,큰길(12m+)
35.2202,129.1169,1,0.993,14,,,,개방
35.2205,129.1168,1,0.973,12,,,,개방
35.22,129.1169,1,0.996,16,,,,개방
35.2207,129.1169,1,0.962,13,,,,개방
35.222,129.117,1,0.995,15,,,,개방
35.2211,129.1169,1,0.957,15,,,,개방
35.2224,129.1171,1,0.999,8,,,,개방
35.2216,129.1169,1,0.987,14,,,,개방
35.2229,129.1172,1,0.999,11,,,,개방
35.2233,129.1173,1,0.999,9,,,,개방
35.2237,129.1174,1,0.999,9,,,,개방
35.2241,129.1175,1,0.671,9,55.0,0.05,0.0,큰길(12m+)
35.2245,129.1176,1,0.982,10,83.8,0.1,0.0,큰길(12m+)
35.2249,129.1177,1,0.969,16,70.4,0.1,0.0,큰길(12m+)
35.2254,129.1178,1,0.987,27,83.9,0.05,0.0,큰길(12m+)
35.2261,129.1179,1,0.979,46,74.3,0.13,0.0,큰길(12m+)
35.2257,129.1178,1,0.982,35,60.8,0.09,0.0,큰길(12m+)
35.2265,129.1179,1,0.978,50,62.8,0.16,0.0,큰길(12m+)
35.2268,129.1179,1,0.986,58,74.3,0.06,0.0,큰길(12m+)
35.2272,129.1178,1,0.989,57,70.9,0.06,0.0,큰길(12m+)
35.2276,129.1178,1,0.994,47,86.6,0.06,0.0,큰길(12m+)
35.2279,129.1177,1,0.996,43,93.6,0.06,0.0,큰길(12m+)
35.2282,129.1177,1,0.998,35,,,,개방
35.2285,129.1176,1,0.998,30,,,,개방
35.229,129.1175,1,0.998,28,,,,개방
35.2287,129.1176,1,0.998,28,,,,개방
35.2295,129.1175,1,0.999,17,,,,개방
35.2292,129.1176,1,0.999,16,,,,개방
35.2298,129.1174,1,0.999,13,,,,개방
35.23,129.1173,1,0.998,13,,,,개방
35.2303,129.1172,1,0.998,6,,,,개방
35.2306,129.1171,1,0.999,5,,,,개방
35.2309,129.117,1,0.999,3,,,,개방
35.2315,129.1168,1,,0,,,,개방
35.2318,129.1167,1,,0,,,,개방
35.2312,129.117,1,1.0,2,,,,개방
35.2321,129.1166,1,,0,,,,개방
35.2329,129.1163,1,,0,,,,개방
35.2324,129.1165,1,,0,,,,개방
35.2331,129.1162,1,,0,,,,개방
35.2327,129.1164,1,,0,,,,개방
35.2342,129.117,1,,0,,,,개방
35.2335,129.1162,1,,0,,,,개방
35.2343,129.1178,1,1.0,2,,,,개방
35.2337,129.1163,1,,0,,,,개방
35.234,129.1164,1,,0,,,,개방
35.2344,129.1188,1,1.0,2,,,,개방
35.2341,129.1167,1,,0,,,,개방
35.2344,129.1197,1,,0,,,,개방
35.2343,129.1174,1,1.0,2,,,,개방
35.2345,129.1203,1,,0,,,,개방
35.2344,129.1182,1,1.0,2,,,,개방
35.2345,129.1225,1,,0,,,,개방
35.2344,129.1192,1,1.0,1,,,,개방
35.2346,129.123,1,,0,,,,개방
35.2346,129.1238,1,,0,,,,개방
35.2345,129.1207,1,,0,,,,개방
35.2345,129.1213,1,,0,,,,개방
35.2345,129.1215,1,,0,,,,개방
35.2346,129.1248,1,,0,,,,개방
35.2346,129.1245,1,,0,,,,개방
35.2345,129.1222,1,,0,,,,개방
35.2346,129.1227,1,,0,,,,개방
35.2347,129.1258,1,,0,,,,개방
35.2346,129.1233,1,,0,,,,개방
35.2347,129.1262,1,,0,,,,개방
35.2346,129.1236,1,,0,,,,개방
35.2346,129.1242,1,,0,,,,개방
35.2349,129.1272,1,,0,,,,개방
35.2347,129.1253,1,,0,,,,개방
35.2346,129.125,1,,0,,,,개방
35.2347,129.1256,1,,0,,,,개방
35.2356,129.1292,1,,0,,,,개방
35.2348,129.1268,1,,0,,,,개방
35.2359,129.1296,1,,0,,,,개방
35.235,129.1277,1,1.0,1,,,,개방
35.2361,129.13,1,,0,,,,개방
35.2352,129.1283,1,,0,,,,개방
35.2354,129.1287,1,,0,,,,개방
35.2368,129.1312,1,,0,,,,개방
35.2363,129.1304,1,,0,,,,개방
35.2383,129.1325,1,,0,,,,개방
35.2366,129.1308,1,,0,,,,개방
35.2385,129.1327,1,,0,,,,개방
35.2371,129.1314,1,,0,,,,개방
35.2374,129.1318,1,,0,,,,개방
35.2376,129.132,1,,0,,,,개방
35.238,129.1323,1,,0,,,,개방
35.2394,129.1333,1,,0,,,,개방
35.2388,129.1329,1,,0,,,,개방
35.2391,129.1332,1,,0,,,,개방
35.2407,129.1342,1,,0,,,,개방
35.2396,129.1335,1,,0,,,,개방
35.2398,129.1336,1,,0,,,,개방
35.24,129.1337,1,,0,,,,개방
35.2412,129.1345,1,,0,,,,개방
35.2402,129.1339,1,,0,,,,개방
35.2405,129.134,1,,0,,,,개방
35.241,129.1343,1,,0,,,,개방
35.2415,129.1347,1,,0,,,,개방
35.2429,129.1356,1,,0,,,,개방
35.2418,129.1348,1,,0,,,,개방
35.242,129.135,1,,0,,,,개방
35.2424,129.1353,1,,0,,,,개방
35.2434,129.136,1,,0,,,,개방
35.2426,129.1355,1,,0,,,,개방
35.2439,129.1365,1,,0,,,,개방
35.2432,129.1358,1,,0,,,,개방
35.2451,129.1377,1,,0,,,,개방
35.2437,129.1362,1,,0,,,,개방
35.2454,129.138,1,,0,,,,개방
35.2442,129.1368,1,,0,,,,개방
35.2444,129.137,1,,0,,,,개방
35.2447,129.1373,1,,0,,,,개방
35.245,129.1375,1,,0,,,,개방
35.2459,129.1386,1,,0,,,,개방
35.2461,129.1389,1,,0,,,,개방
35.2455,129.1382,1,,0,,,,개방
35.2463,129.1391,1,,0,,,,개방
35.2457,129.1384,1,,0,,,,개방
35.2465,129.1394,1,,0,,,,개방
35.2468,129.1398,1,,0,,,,개방
35.247,129.14,1,,0,,,,개방
35.2466,129.1395,1,,0,,,,개방
35.2475,129.1406,1,,0,,,,개방
35.2476,129.1408,1,,0,,,,개방
35.2483,129.1415,1,,0,,,,개방
35.2478,129.141,1,,0,,,,개방
35.248,129.1413,1,,0,,,,개방
35.2488,129.1422,1,,0,,,,개방
35.2484,129.1418,1,,0,,,,개방
35.2492,129.1427,1,,0,,,,개방
35.2486,129.142,1,,0,,,,개방
35.2497,129.1432,1,,0,,,,개방
35.249,129.1424,1,,0,,,,개방
35.2499,129.1434,1,,0,,,,개방
35.2501,129.1437,1,,0,,,,개방
35.2495,129.143,1,,0,,,,개방
35.2503,129.1439,1,,0,,,,개방
35.2505,129.1441,2,,0,,,,개방
35.2508,129.1444,1,,0,,,,개방
35.251,129.1446,1,,0,,,,개방
35.2512,129.1447,1,,0,,,,개방
35.2575,129.1482,3,1.0,1,,,,개방
35.2598,129.1493,1,1.0,6,,,,개방
35.2585,129.1489,1,1.0,1,,,,개방
35.2589,129.1491,1,1.0,1,,,,개방
35.2599,129.1494,1,1.0,7,,,,개방
35.2579,129.1487,1,1.0,1,,,,개방
35.2582,129.1488,1,1.0,1,,,,개방
35.2591,129.1492,1,1.0,2,,,,개방
35.262,129.1503,1,,0,,,,개방
35.2595,129.1494,1,1.0,7,,,,개방
35.2631,129.1508,1,,0,,,,개방
35.2602,129.1496,1,1.0,6,,,,개방
35.2606,129.1497,1,1.0,2,,,,개방
35.261,129.1499,1,1.0,1,,,,개방
35.2644,129.1514,1,1.0,3,,,,개방
35.2613,129.15,1,,0,,,,개방
35.2616,129.1502,1,,0,,,,개방
35.2651,129.1518,1,1.0,2,,,,개방
35.2655,129.1519,1,1.0,6,,,,개방
35.2624,129.1505,1,,0,,,,개방
35.2662,129.1521,1,1.0,8,,,,개방
35.2627,129.1506,1,,0,,,,개방
35.267,129.1522,1,1.0,4,,,,개방
35.2634,129.151,1,,0,,,,개방
35.2637,129.1511,1,1.0,1,,,,개방
35.2677,129.1521,1,1.0,2,,,,개방
35.2685,129.1519,1,,0,,,,개방
35.2641,129.1513,1,1.0,1,,,,개방
35.2689,129.1519,1,,0,,,,개방
35.2648,129.1516,1,1.0,2,,,,개방
35.2693,129.1518,1,1.0,1,,,,개방
35.2658,129.152,1,1.0,8,,,,개방
35.2665,129.1521,1,1.0,8,,,,개방
35.2697,129.1518,1,1.0,3,,,,개방
35.27,129.1517,1,1.0,5,,,,개방
35.2673,129.1521,1,1.0,2,,,,개방
35.2709,129.1516,1,1.0,3,,,,개방
35.2681,129.152,1,1.0,1,,,,개방
35.2712,129.1516,1,1.0,2,,,,개방
35.2716,129.1516,1,1.0,1,,,,개방
35.2724,129.1516,1,1.0,6,,,,개방
35.2705,129.1516,1,1.0,5,,,,개방
35.2727,129.1516,1,1.0,6,,,,개방
35.2731,129.1517,1,1.0,8,,,,개방
35.2721,129.1516,1,1.0,6,,,,개방
35.2739,129.1518,1,0.999,6,,,,개방
35.2749,129.1521,1,1.0,7,,,,개방
35.2735,129.1517,1,1.0,5,,,,개방
35.2759,129.1524,1,1.0,1,,,,개방
35.2742,129.1519,1,1.0,4,,,,개방
35.2746,129.152,1,1.0,10,,,,개방
35.2753,129.1522,1,1.0,8,,,,개방
35.2775,129.1532,1,,0,,,,개방
35.2782,129.1536,1,,0,,,,개방
35.2756,129.1523,1,1.0,1,,,,개방
35.2785,129.1537,1,1.0,1,,,,개방
35.2788,129.1539,1,1.0,1,,,,개방
35.2793,129.1542,1,1.0,1,,,,개방
35.2762,129.1526,1,1.0,1,,,,개방
35.2766,129.1528,1,1.0,1,,,,개방
35.2769,129.1529,1,1.0,1,,,,개방
35.2772,129.1531,1,1.0,1,,,,개방
35.2799,129.1546,1,1.0,3,,,,개방
35.2802,129.1548,1,1.0,2,,,,개방
35.2778,129.1534,1,,0,,,,개방
35.2812,129.1557,1,1.0,6,,,,개방
35.2791,129.154,1,1.0,1,,,,개방
35.2818,129.1561,1,1.0,5,,,,개방
35.2796,129.1544,1,1.0,2,,,,개방
35.2805,129.1551,1,1.0,2,,,,개방
35.2824,129.1565,1,1.0,2,,,,개방
35.2808,129.1552,1,1.0,3,,,,개방
35.2827,129.1568,1,,0,,,,개방
35.281,129.1555,1,1.0,6,,,,개방
35.2829,129.1571,1,,0,,,,개방
35.2832,129.1573,1,1.0,2,,,,개방
35.2815,129.156,1,1.0,5,,,,개방
35.2821,129.1563,1,1.0,6,,,,개방
35.2837,129.158,1,1.0,2,,,,개방
35.284,129.1594,1,,0,,,,개방
35.2835,129.1576,1,1.0,5,,,,개방
35.2845,129.1597,1,,0,,,,개방
35.2838,129.1584,1,1.0,2,,,,개방
35.2849,129.1605,1,1.0,1,,,,개방
35.2838,129.1589,1,,0,,,,개방
35.2859,129.1615,1,1.0,2,,,,개방
35.2846,129.16,1,,0,,,,개방
35.2862,129.1617,1,1.0,2,,,,개방
35.2869,129.1622,1,1.0,2,,,,개방
35.2852,129.1608,1,1.0,2,,,,개방
35.2875,129.1626,1,1.0,2,,,,개방
35.2855,129.1612,1,1.0,3,,,,개방
35.2861,129.1616,1,1.0,1,,,,개방
35.2867,129.162,1,1.0,2,,,,개방
35.289,129.1637,1,1.0,1,,,,개방
35.2865,129.1619,1,1.0,2,,,,개방
35.2893,129.1639,1,1.0,1,,,,개방
35.2871,129.1623,1,1.0,3,,,,개방
35.2898,129.1642,1,1.0,7,,,,개방
35.288,129.1629,1,,0,,,,개방
35.2883,129.1632,1,,0,,,,개방
35.2886,129.1634,1,,0,,,,개방
35.2908,129.1649,1,1.0,13,,,,개방
35.2917,129.1656,1,1.0,7,,,,개방
35.2901,129.1644,1,1.0,13,,,,개방
35.2905,129.1647,1,1.0,16,,,,개방
35.2926,129.1662,1,1.0,13,,,,개방
35.2928,129.1663,1,1.0,9,,,,개방
35.2913,129.1652,1,1.0,1,,,,개방
35.292,129.1658,1,1.0,12,,,,개방
35.2936,129.1669,1,1.0,5,,,,개방
35.2932,129.1666,1,1.0,6,,,,개방
35.2938,129.167,1,1.0,4,,,,개방
35.2924,129.166,1,1.0,14,,,,개방
35.294,129.1671,1,1.0,4,,,,개방
35.2933,129.1667,1,1.0,6,,,,개방
35.2952,129.1677,1,1.0,2,,,,개방
35.2943,129.1674,1,1.0,1,,,,개방
35.2948,129.1676,1,1.0,1,,,,개방
35.2955,129.1681,1,1.0,2,,,,개방
35.2959,129.1683,1,1.0,4,,,,개방
35.2962,129.1684,1,1.0,4,,,,개방
35.2965,129.1686,1,1.0,5,,,,개방
35.2969,129.1688,1,1.0,4,,,,개방
35.2972,129.1689,1,1.0,2,,,,개방
35.2975,129.1691,1,1.0,1,,,,개방
35.2991,129.1696,1,,0,,,,개방
35.2978,129.1692,1,,0,,,,개방
35.2996,129.1694,1,1.0,3,,,,개방
35.2999,129.1695,1,1.0,3,,,,개방
35.2982,129.1693,1,,0,,,,개방
35.2985,129.1694,1,,0,,,,개방
35.3002,129.17,1,,0,,,,개방
35.2989,129.1695,1,,0,,,,개방
35.3007,129.1702,1,,0,,,,개방
35.301,129.1703,1,1.0,1,,,,개방
35.3013,129.1704,1,1.0,1,,,,개방
35.3004,129.17,1,,0,,,,개방
35.3019,129.1706,1,1.0,1,,,,개방
35.3022,129.1706,1,,0,,,,개방
35.3016,129.1704,1,1.0,1,,,,개방
35.3028,129.1708,1,,0,,,,개방
35.303,129.1709,1,,0,,,,개방
35.3033,129.171,1,,0,,,,개방
35.3024,129.1707,1,,0,,,,개방
35.3043,129.1713,1,1.0,1,,,,개방
35.304,129.1712,1,,0,,,,개방
35.3106,129.1734,1,0.983,1,,,,개방
35.3136,129.1749,1,0.997,2,,,,개방
35.3143,129.1752,1,0.996,5,,,,개방
35.3141,129.175,1,0.999,4,,,,개방
35.3158,129.1759,1,0.999,23,67.3,0.04,0.0,큰길(12m+)
35.3147,129.1754,1,0.977,9,,,,개방
35.3149,129.1755,1,0.987,14,,,,개방
35.3152,129.1756,1,0.997,16,72.1,0.04,0.0,큰길(12m+)
35.3159,129.1759,1,0.999,24,66.9,0.04,0.0,큰길(12m+)
35.3164,129.1762,1,0.996,24,52.2,0.08,0.0,큰길(12m+)
35.3155,129.1758,1,0.998,17,77.1,0.04,0.0,큰길(12m+)
35.3166,129.1764,1,0.998,16,65.3,0.06,0.0,큰길(12m+)
35.3162,129.1761,1,0.998,24,62.0,0.07,0.0,큰길(12m+)
35.3174,129.1763,1,0.964,14,,,,개방
35.3169,129.1765,1,0.999,11,66.0,0.04,0.0,큰길(12m+)
35.3171,129.1766,1,0.99,11,,,,개방
35.3175,129.176,1,0.951,14,,,,개방
35.3176,129.1755,1,0.94,26,,,,개방
35.3175,129.1758,1,0.946,20,,,,개방
35.3178,129.1749,1,0.938,23,,,,개방
35.3177,129.1752,1,0.948,20,,,,개방
35.3179,129.1746,1,0.941,18,,,,개방
35.3181,129.1743,1,0.932,18,,,,개방
35.3182,129.174,1,0.943,19,,,,개방
35.3184,129.1738,1,0.944,18,,,,개방
35.3186,129.1735,1,0.94,14,,,,개방
35.3187,129.1733,1,0.955,16,,,,개방
35.3189,129.173,1,0.958,13,,,,개방
35.3191,129.1728,1,0.967,7,,,,개방
35.3199,129.1719,1,0.947,12,92.9,0.23,0.0,큰길(12m+)
35.3194,129.1726,1,0.955,5,,,,개방
35.3195,129.1724,1,0.963,5,,,,개방
35.3202,129.1715,1,0.928,14,78.3,0.27,0.0,큰길(12m+)
35.3197,129.1721,1,0.965,11,,,,개방
35.32,129.1717,1,0.942,12,89.7,0.23,0.0,큰길(12m+)
35.3205,129.1711,1,0.938,11,116.9,0.16,0.0,큰길(12m+)
35.3204,129.1712,1,0.936,14,,,,개방
35.3209,129.1706,1,0.968,4,,,,개방
35.3207,129.1709,1,0.942,8,,,,개방
35.321,129.1705,1,0.971,4,,,,개방
35.3212,129.1702,1,0.986,3,,,,개방
35.3215,129.1699,1,0.983,4,,,,개방
35.3217,129.1697,1,0.964,5,,,,개방
35.322,129.1692,1,0.967,9,105.1,0.25,0.0,큰길(12m+)
35.3218,129.1695,1,0.966,7,93.6,0.09,0.0,큰길(12m+)
35.3222,129.169,1,0.952,11,104.8,0.25,0.0,큰길(12m+)
35.3224,129.1688,1,0.936,11,,,,개방
35.3226,129.1685,1,0.943,8,,,,개방
35.3228,129.1683,1,0.943,5,,,,개방
35.3231,129.1681,1,,,,,,개방
35.323,129.1683,1,0.922,3,,,,개방
35.3235,129.1678,1,0.947,4,,,,개방
35.3237,129.1676,1,0.948,9,,,,개방
35.3239,129.1675,1,0.94,13,,,,개방
35.3242,129.1673,1,0.941,16,78.6,0.36,0.0,큰길(12m+)
35.3243,129.1672,1,0.953,18,104.8,0.27,0.0,큰길(12m+)
35.3247,129.1671,1,0.912,16,,,,개방
35.3249,129.1668,1,0.934,18,78.5,0.29,0.0,큰길(12m+)
35.325,129.1667,1,0.933,19,78.4,0.29,0.0,큰길(12m+)
35.3253,129.1666,1,0.936,14,73.9,0.3,0.0,큰길(12m+)
35.3255,129.1664,1,0.934,14,83.4,0.27,0.0,큰길(12m+)
35.3257,129.1663,1,0.938,10,71.2,0.31,0.0,큰길(12m+)
35.3259,129.1662,1,0.918,10,79.8,0.28,0.0,큰길(12m+)
35.3262,129.1659,1,0.948,5,84.9,0.26,0.0,큰길(12m+)
35.3265,129.1658,1,0.955,4,,,,개방
35.3267,129.1656,1,0.968,3,,,,개방
35.3269,129.1655,1,0.981,2,,,,개방
35.3272,129.1653,1,0.99,2,,,,개방
35.3274,129.1652,1,0.984,2,,,,개방
35.3278,129.1649,1,0.959,2,,,,개방
35.3276,129.1651,1,0.974,2,,,,개방
35.3291,129.1641,1,0.918,9,85.3,0.36,0.0,큰길(12m+)
35.3281,129.1648,1,0.921,3,74.4,0.45,0.0,큰길(12m+)
35.3283,129.1646,1,0.919,3,,,,개방
35.3286,129.1644,1,0.922,5,,,,개방
35.3288,129.1643,1,0.912,7,,,,개방
35.3296,129.1638,1,0.909,19,95.1,0.32,0.0,큰길(12m+)
35.3294,129.1639,1,0.919,18,62.4,0.49,0.0,큰길(12m+)
35.3299,129.1636,1,0.933,21,84.0,0.37,0.0,큰길(12m+)
35.3303,129.1634,1,0.931,29,111.1,0.21,0.0,큰길(12m+)
35.3301,129.1635,1,0.929,26,,,,개방
35.3308,129.1632,1,0.917,27,90.4,0.25,0.0,큰길(12m+)
35.3312,129.163,1,0.923,26,93.5,0.24,0.0,큰길(12m+)
35.3305,129.1633,1,0.937,29,,,,개방
35.3317,129.1628,1,0.915,11,,,,개방
35.3314,129.1629,1,0.939,22,,,,개방
35.3319,129.1627,1,0.929,9,,,,개방
35.3322,129.1626,1,0.921,7,,,,개방
35.3327,129.1624,1,0.918,3,,,,개방
35.3331,129.1622,1,0.911,3,,,,개방
35.3324,129.1625,1,0.926,6,,,,개방
35.3334,129.162,1,0.934,2,,,,개방
35.3337,129.1619,1,0.925,3,,,,개방
35.3347,129.1615,1,0.93,4,,,,개방
35.334,129.1617,1,0.935,2,,,,개방
35.3344,129.1616,1,0.935,4,,,,개방
35.3361,129.1614,1,0.921,4,,,,개방
35.335,129.1614,1,0.941,4,,,,개방
35.3354,129.1614,1,0.922,3,,,,개방
35.3357,129.1614,1,0.918,4,,,,개방
35.3371,129.1614,1,0.975,4,,,,개방
35.3364,129.1614,1,0.925,5,,,,개방
35.3366,129.1614,1,0.917,5,,,,개방
35.3373,129.1613,1,1.0,3,,,,개방
35.3368,129.1613,1,0.963,3,,,,개방
35.3376,129.1613,1,1.0,2,,,,개방
35.3379,129.1613,1,1.0,1,,,,개방
35.3385,129.1613,1,0.998,2,,,,개방
35.3382,129.1613,1,1.0,1,,,,개방
35.3391,129.1613,1,0.992,2,,,,개방
35.3395,129.1613,1,0.989,1,,,,개방
35.3389,129.1613,1,0.995,2,,,,개방
35.3401,129.1612,1,0.977,2,,,,개방
35.3399,129.1612,1,0.984,2,,,,개방
35.3408,129.161,1,0.938,3,,,,개방
35.3405,129.1611,1,0.947,4,,,,개방
35.3414,129.1607,1,0.941,3,,,,개방
35.3411,129.1609,1,0.935,4,,,,개방
35.342,129.1604,1,0.952,3,,,,개방
35.3417,129.1605,1,0.949,3,,,,개방
35.3425,129.1601,1,0.984,1,,,,개방
35.3423,129.1603,1,0.964,1,,,,개방
35.3438,129.1594,1,0.995,9,,,,개방
35.3428,129.16,1,0.991,1,,,,개방
35.3431,129.1598,1,1.0,3,,,,개방
35.3447,129.159,1,0.998,9,,,,개방
35.3444,129.1593,1,0.993,10,77.3,0.07,0.0,큰길(12m+)
35.3434,129.1597,1,0.999,4,,,,개방
35.3436,129.1595,1,0.997,5,,,,개방
35.3442,129.1594,1,0.996,8,,,,개방
35.3449,129.1589,1,0.999,10,,,,개방
35.3451,129.1588,1,0.999,12,,,,개방
35.3454,129.1587,1,1.0,7,,,,개방
35.3456,129.1587,1,1.0,3,,,,개방
35.3462,129.1586,1,1.0,2,,,,개방
35.3458,129.1587,1,1.0,2,,,,개방
35.3466,129.1587,1,,0,,,,개방
35.3464,129.1587,1,,0,,,,개방
35.3468,129.1587,1,,0,,,,개방
35.3471,129.1589,1,,0,,,,개방
35.3473,129.159,1,,0,,,,개방
35.3475,129.1591,1,,0,,,,개방
35.3475,129.1594,1,,0,,,,개방
35.3476,129.1602,1,1.0,3,,,,개방
35.3476,129.1596,1,1.0,1,,,,개방
35.347,129.161,9,1.0,2,,,,개방
35.3476,129.1599,1,1.0,2,,,,개방
35.3475,129.1604,2,1.0,3,,,,개방
35.3516,129.1531,7,1.0,2,,,,개방
35.3464,129.1631,3,,0,,,,개방
35.3467,129.1627,2,,0,,,,개방
35.3471,129.1626,1,,0,,,,개방
35.1574,129.1439,1,0.82,4,105.9,1.11,0.0,큰길(12m+)
35.1832,129.1028,1,0.267,22,11.7,5.73,1.3,혼합골목(6-12m)
35.1833,129.1037,1,0.415,20,25.9,1.51,0.0,큰길(12m+)
35.1833,129.1038,1,0.483,20,22.4,1.75,0.0,큰길(12m+)
35.1521,129.0303,1,0.21,18,1.7,60.26,4.8,보행골목(<6m)
35.1518,129.0308,1,0.631,15,,,,개방
35.1518,129.0309,2,0.723,13,,,,개방
35.1448,129.1276,1,,0,,,,개방
35.1465,129.1291,1,,0,,,,개방
35.1389,129.1219,1,,0,,,,개방
35.1381,129.1211,1,,0,,,,개방
35.1372,129.1198,1,,0,,,,개방
35.1367,129.1177,1,,0,,,,개방
35.1365,129.1158,1,,0,,,,개방
35.136,129.1125,1,,0,,,,개방
35.1355,129.1111,1,0.967,1,,,,개방
35.1346,129.1098,1,0.999,3,,,,개방
35.1326,129.1081,1,0.971,5,,,,개방
35.1308,129.1064,1,0.999,11,,,,개방
35.1305,129.1061,1,0.992,11,,,,개방
35.1322,129.1012,1,0.901,68,,,,개방
35.133,129.1011,1,0.883,65,34.6,0.24,0.0,큰길(12m+)
35.1371,129.1002,1,0.712,59,39.3,0.89,0.0,큰길(12m+)
35.1373,129.0998,1,0.597,41,17.4,0.32,4.9,큰길(12m+)
35.1367,129.0986,1,0.633,34,38.2,0.55,0.0,큰길(12m+)
35.1357,129.0961,1,0.823,45,37.1,0.15,0.0,큰길(12m+)
35.1353,129.0943,1,0.851,69,33.9,0.17,0.0,큰길(12m+)
35.1352,129.0928,1,0.345,71,10.7,0.52,1.8,혼합골목(6-12m)
35.1349,129.0881,1,0.891,101,31.1,0.18,0.0,큰길(12m+)
35.1349,129.0874,1,0.894,91,32.8,0.3,0.0,큰길(12m+)
35.1347,129.0845,1,0.249,62,5.7,3.18,7.6,보행골목(<6m)
35.1347,129.0841,1,0.556,57,14.6,0.38,6.3,큰길(12m+)
35.1339,129.0799,1,0.846,37,47.5,0.41,0.0,큰길(12m+)
35.1359,129.0738,1,0.581,165,10.6,0.4,3.5,혼합골목(6-12m)
35.1365,129.0725,1,0.919,57,40.5,0.28,0.0,큰길(12m+)
35.1368,129.067,1,0.964,24,58.9,0.1,0.0,큰길(12m+)
35.1373,129.0637,1,0.794,22,81.1,0.12,0.0,큰길(12m+)
35.1345,129.061,1,0.99,73,84.4,0.03,0.0,큰길(12m+)
35.1354,129.0576,1,0.371,160,1.1,2.6,0.0,보행골목(<6m)
35.1339,129.0541,1,0.728,96,16.7,0.92,0.0,큰길(12m+)
35.1331,129.0533,1,0.833,48,72.6,0.15,0.0,큰길(12m+)
35.1316,129.0515,1,0.743,43,44.6,0.22,0.0,큰길(12m+)
35.1301,129.0501,1,0.922,37,45.2,0.22,0.0,큰길(12m+)
35.1273,129.0473,1,0.463,20,36.5,1.88,0.0,큰길(12m+)
35.1261,129.0461,1,0.88,44,76.4,0.16,0.0,큰길(12m+)
35.1275,129.0456,3,0.324,106,8.3,1.01,0.0,혼합골목(6-12m)
35.2312,129.0802,5,0.805,17,39.9,0.07,6.9,큰길(12m+)
35.1513,129.0302,1,0.838,50,45.8,0.09,0.0,큰길(12m+)
35.1511,129.0299,1,0.865,69,47.0,0.12,0.0,큰길(12m+)
35.1478,129.0301,1,0.918,115,22.9,0.37,0.0,큰길(12m+)
35.1479,129.0285,1,0.937,81,34.0,0.29,0.0,큰길(12m+)
35.149,129.0268,1,0.585,135,12.7,0.55,2.0,큰길(12m+)
35.1483,129.0244,1,0.929,98,20.1,0.28,0.0,큰길(12m+)
35.148,129.0237,1,0.898,115,22.8,0.25,0.0,큰길(12m+)
35.1481,129.0215,1,0.839,132,15.9,0.35,0.0,큰길(12m+)
35.1485,129.0206,1,0.907,103,31.9,0.18,0.0,큰길(12m+)
35.1482,129.0187,1,0.656,78,20.8,0.81,0.0,큰길(12m+)
35.1482,129.0165,1,0.511,71,17.6,0.56,0.0,큰길(12m+)
35.1471,129.0163,1,0.768,80,39.0,0.75,0.0,큰길(12m+)
35.1462,129.015,1,0.781,129,10.3,0.54,0.0,혼합골목(6-12m)
35.1456,129.0142,1,0.824,81,22.9,0.43,0.0,큰길(12m+)
35.1464,129.013,1,0.862,90,27.8,0.35,0.0,큰길(12m+)
35.1483,129.0129,1,0.771,100,9.7,0.43,0.0,혼합골목(6-12m)
35.1496,129.0127,1,0.823,127,28.8,0.19,0.0,큰길(12m+)
35.1512,129.0127,1,0.555,115,18.4,0.84,0.0,큰길(12m+)
35.1514,129.0162,1,0.969,122,54.0,0.08,0.0,큰길(12m+)
35.1521,129.0173,1,0.913,68,54.0,0.13,0.0,큰길(12m+)
35.1529,129.0265,1,0.552,38,,,,개방
35.1534,129.0285,1,0.837,68,58.8,0.14,0.0,큰길(12m+)
35.1535,129.0291,1,0.775,76,65.9,0.79,0.0,큰길(12m+)
35.1534,129.0296,1,0.795,42,75.4,0.07,0.0,큰길(12m+)
35.1534,129.0301,1,0.607,28,54.6,0.1,0.0,큰길(12m+)
35.1536,129.0312,1,0.682,24,73.1,0.73,0.0,큰길(12m+)
35.1539,129.0317,1,0.606,23,16.7,0.34,7.6,큰길(12m+)
35.1528,129.0326,1,0.879,62,,,,개방
35.148,129.0336,1,0.793,65,39.8,0.11,5.6,큰길(12m+)
35.1337,129.0514,1,0.912,126,77.1,0.07,0.0,큰길(12m+)
35.1329,129.0519,1,0.878,33,98.5,0.07,0.0,큰길(12m+)
35.1324,129.0523,1,0.727,17,,,,개방
35.131,129.0541,1,0.913,50,40.7,0.14,0.0,큰길(12m+)
35.1301,129.0544,1,0.992,58,63.2,0.07,0.0,큰길(12m+)
35.1312,129.055,1,0.74,96,65.3,0.6,0.0,큰길(12m+)
35.1289,129.0545,1,0.999,21,,,,개방
35.1275,129.0547,1,0.963,5,63.0,0.24,0.0,큰길(12m+)
35.1263,129.054,1,0.999,8,,,,개방
35.1257,129.0507,1,0.951,113,58.0,0.07,0.0,큰길(12m+)
35.1256,129.0508,1,0.986,101,57.9,0.07,0.0,큰길(12m+)
35.1218,129.0478,1,,0,,,,개방
35.1209,129.0472,1,1.0,2,,,,개방
35.1069,129.0397,1,1.0,2,,,,개방
35.106,129.0392,1,1.0,4,,,,개방
35.1056,129.039,1,0.999,4,,,,개방
35.1053,129.0386,1,0.979,8,,,,개방
35.1048,129.0375,1,0.877,18,46.0,0.12,0.0,큰길(12m+)
35.1038,129.037,1,0.615,27,17.5,0.32,0.0,큰길(12m+)
35.1034,129.0376,1,0.89,18,,,,개방
35.0977,129.0373,1,0.998,1,,,,개방
35.0944,129.0407,1,0.8,134,47.2,0.12,0.0,큰길(12m+)
35.0935,129.0429,1,0.715,106,41.2,0.98,0.0,큰길(12m+)
35.0933,129.0434,1,0.884,120,35.5,0.12,0.0,큰길(12m+)
35.0934,129.0457,1,0.864,100,37.0,0.11,0.0,큰길(12m+)
35.1272,129.0451,1,0.576,153,16.5,0.59,0.0,큰길(12m+)
35.0937,129.0463,1,0.85,75,69.2,0.16,0.0,큰길(12m+)
35.1275,129.0452,2,0.46,148,12.4,0.56,2.3,큰길(12m+)
35.0945,129.0476,1,0.985,87,52.5,0.08,0.0,큰길(12m+)
35.0945,129.048,1,0.973,67,48.6,0.09,0.0,큰길(12m+)
35.0957,129.0531,1,0.984,78,65.3,0.09,0.0,큰길(12m+)
35.0974,129.0552,1,0.852,11,,,,개방
35.1273,129.0457,7,0.428,84,17.8,0.39,3.1,큰길(12m+)
35.0979,129.0588,1,0.918,136,31.5,0.22,0.0,큰길(12m+)
35.0975,129.0593,1,0.571,187,19.9,0.84,0.0,큰길(12m+)
35.0966,129.0608,1,0.674,209,22.4,0.56,0.0,큰길(12m+)
35.1277,129.0455,5,0.56,114,18.4,0.76,2.1,큰길(12m+)
35.096,129.0612,2,0.545,206,19.6,0.36,0.0,큰길(12m+)
35.1273,129.046,1,0.762,71,31.7,0.22,0.0,큰길(12m+)
35.0964,129.061,1,0.589,189,9.8,0.57,1.8,혼합골목(6-12m)
35.0962,129.0612,3,0.539,206,8.4,0.67,2.5,혼합골목(6-12m)
35.0957,129.061,2,0.599,219,10.9,1.41,0.0,혼합골목(6-12m)
35.0962,129.0611,1,0.301,208,2.7,2.07,3.6,보행골목(<6m)
35.0961,129.0614,1,0.51,203,12.1,0.58,1.2,큰길(12m+)
35.127,129.0465,3,0.751,49,,,,개방
35.1271,129.0455,1,0.521,96,7.8,0.89,0.0,혼합골목(6-12m)
35.0964,129.0613,1,0.668,179,20.8,0.47,0.0,큰길(12m+)
35.2313,129.0795,2,0.997,21,80.6,0.03,0.0,큰길(12m+)
35.0964,129.0614,1,0.822,181,20.3,0.35,0.0,큰길(12m+)
35.0963,129.0612,1,0.683,193,8.4,0.66,0.0,혼합골목(6-12m)
35.0959,129.0612,1,0.848,196,27.5,0.2,0.0,큰길(12m+)
35.1273,129.0456,3,0.261,94,1.2,9.23,4.3,보행골목(<6m)
35.1274,129.0449,2,0.253,178,1.5,9.38,6.9,보행골목(<6m)
35.1275,129.0457,3,0.609,94,12.0,0.35,0.0,큰길(12m+)
35.1277,129.0453,1,0.546,131,18.3,0.76,0.0,큰길(12m+)
35.1281,129.0453,1,0.632,123,17.0,0.5,0.0,큰길(12m+)
35.1285,129.0451,2,0.854,107,68.3,0.12,0.0,큰길(12m+)
35.1289,129.0451,2,0.902,93,71.1,0.28,0.0,큰길(12m+)
35.129,129.045,2,0.828,97,19.3,0.58,0.0,큰길(12m+)
35.1297,129.0453,1,0.822,179,22.0,0.51,0.0,큰길(12m+)
35.2312,129.0806,2,0.999,9,,,,개방
35.2311,129.0806,2,0.999,12,58.3,0.05,0.0,큰길(12m+)
35.2308,129.0816,2,0.979,9,49.4,0.06,0.0,큰길(12m+)
35.2303,129.0826,2,0.957,33,71.7,0.06,0.0,큰길(12m+)
35.2309,129.0809,1,0.991,12,18.3,0.15,0.0,큰길(12m+)
35.2296,129.0831,1,0.749,66,19.7,0.43,0.0,큰길(12m+)
35.2293,129.0836,2,0.501,81,16.9,0.41,0.0,큰길(12m+)
35.2299,129.0828,4,0.853,54,30.0,0.33,0.0,큰길(12m+)
35.2291,129.0841,4,0.557,87,15.8,0.53,0.0,큰길(12m+)
35.229,129.0845,1,0.87,89,27.8,0.35,0.0,큰길(12m+)
35.2287,129.0851,4,0.745,94,13.7,0.51,0.0,큰길(12m+)
35.1283,129.0471,1,0.613,82,36.0,1.48,0.0,큰길(12m+)
35.2286,129.0855,2,0.728,107,15.4,0.45,0.0,큰길(12m+)
35.2287,129.0852,5,0.867,98,25.3,0.39,0.0,큰길(12m+)
35.1287,129.0452,1,0.941,88,69.3,0.06,0.0,큰길(12m+)
35.1283,129.0451,2,0.599,126,8.3,1.35,0.0,혼합골목(6-12m)
35.1279,129.0452,1,0.647,134,18.8,0.59,0.0,큰길(12m+)
35.1276,129.0455,3,0.48,117,8.5,1.49,0.0,혼합골목(6-12m)
35.1274,129.0459,1,0.622,80,30.9,0.23,0.0,큰길(12m+)
35.128,129.0456,2,0.396,110,12.3,0.91,1.7,큰길(12m+)
35.1272,129.046,1,0.793,67,30.7,0.23,0.0,큰길(12m+)
35.128,129.0455,1,0.476,116,6.2,1.14,1.4,혼합골목(6-12m)
35.1272,129.0445,1,0.811,219,18.1,0.54,0.0,큰길(12m+)
35.1279,129.0454,1,0.727,124,30.6,0.46,0.0,큰길(12m+)
35.2287,129.0853,1,0.886,102,35.6,0.27,0.0,큰길(12m+)
35.2286,129.0851,1,0.447,95,10.6,1.05,2.3,혼합골목(6-12m)
35.1274,129.0456,1,0.368,99,7.4,1.14,4.9,혼합골목(6-12m)
35.2289,129.0848,4,0.749,99,14.8,0.28,0.0,큰길(12m+)
35.2288,129.0851,1,0.55,97,7.5,0.94,0.0,혼합골목(6-12m)
35.2292,129.0853,1,0.593,113,9.0,0.62,2.0,혼합골목(6-12m)
35.2288,129.0849,1,0.831,95,13.4,0.52,0.0,큰길(12m+)
35.229,129.0846,1,0.722,95,14.0,0.5,0.0,큰길(12m+)
35.2289,129.0844,1,0.768,84,21.8,0.58,0.0,큰길(12m+)
35.229,129.0843,2,0.753,85,31.7,0.35,0.0,큰길(12m+)
35.2292,129.0839,2,0.663,81,17.1,0.16,0.0,큰길(12m+)
35.2293,129.0839,2,0.88,91,16.5,0.17,0.0,큰길(12m+)
35.2294,129.0837,2,0.65,84,17.0,0.49,0.0,큰길(12m+)
35.2294,129.0836,1,0.737,84,17.0,0.66,0.0,큰길(12m+)
35.2294,129.0835,2,0.702,78,17.7,0.55,0.0,큰길(12m+)
35.2295,129.0834,1,0.643,78,16.5,0.68,0.0,큰길(12m+)
35.2296,129.0832,3,0.638,67,19.3,0.58,0.0,큰길(12m+)
35.2296,129.083,2,0.783,58,26.6,0.32,0.0,큰길(12m+)
35.2297,129.083,1,,,,,,개방
35.23,129.0828,2,0.915,54,14.9,0.28,0.0,큰길(12m+)
35.2303,129.0827,2,0.966,39,62.8,0.04,0.0,큰길(12m+)
35.2306,129.082,1,0.93,12,54.3,0.28,0.0,큰길(12m+)
35.2306,129.0821,2,0.939,16,54.7,0.28,0.0,큰길(12m+)
35.2305,129.0823,1,0.943,20,55.5,0.05,0.0,큰길(12m+)
35.2307,129.0819,2,0.961,9,56.0,0.27,0.0,큰길(12m+)
35.2308,129.0815,1,0.983,9,57.9,0.05,0.0,큰길(12m+)
35.2308,129.0814,2,0.985,10,58.7,0.05,0.0,큰길(12m+)
35.2309,129.0811,3,0.99,10,,,,개방
35.2307,129.0816,1,0.806,10,35.3,0.08,1.2,큰길(12m+)
35.231,129.081,1,0.996,11,,,,개방
35.231,129.0808,1,0.99,12,80.2,0.03,0.0,큰길(12m+)
35.2311,129.0805,1,0.998,14,42.3,0.07,0.0,큰길(12m+)
35.2308,129.0807,1,0.803,15,18.3,0.15,6.0,큰길(12m+)
35.231,129.0807,2,0.942,12,54.3,0.05,0.0,큰길(12m+)
35.2312,129.0801,8,0.753,18,4.3,0.66,4.9,보행골목(<6m)
35.1272,129.0452,3,0.585,144,16.4,0.6,0.0,큰길(12m+)
35.2309,129.0799,2,0.603,25,2.3,1.2,1.6,보행골목(<6m)
35.2316,129.0804,3,0.999,8,57.8,0.05,0.0,큰길(12m+)
35.2316,129.0808,1,0.999,9,,,,개방
35.2314,129.0804,1,0.998,8,68.6,0.04,0.0,큰길(12m+)
35.2313,129.08,1,0.802,13,12.2,0.23,5.2,큰길(12m+)
35.2299,129.0794,1,0.753,44,58.7,0.62,0.0,큰길(12m+)
35.2307,129.0801,2,0.963,25,37.4,0.07,0.0,큰길(12m+)
35.2315,129.0808,2,1.0,9,97.2,0.03,0.0,큰길(12m+)
35.2314,129.0817,1,0.97,7,46.9,0.06,0.0,큰길(12m+)
35.2305,129.0824,1,0.958,20,34.4,0.08,0.0,큰길(12m+)
35.2286,129.0841,1,0.725,49,23.8,0.47,0.0,큰길(12m+)
35.231,129.0795,1,0.954,34,39.4,0.07,0.0,큰길(12m+)
35.096,129.0615,2,0.3,199,1.7,2.47,1.0,보행골목(<6m)
35.2279,129.0837,1,0.771,11,47.7,0.65,0.0,큰길(12m+)
35.2276,129.0834,1,0.798,24,104.4,0.13,0.0,큰길(12m+)
35.2259,129.0824,1,0.637,69,31.4,1.12,0.0,큰길(12m+)
35.2253,129.0822,1,0.71,55,44.2,0.73,0.0,큰길(12m+)
35.2218,129.0809,1,0.644,49,21.9,1.21,0.0,큰길(12m+)
35.2194,129.0799,1,0.608,58,17.7,0.47,0.0,큰길(12m+)
35.2175,129.0788,1,0.475,101,18.4,0.38,0.0,큰길(12m+)
35.2309,129.0764,1,0.97,26,43.8,0.1,0.0,큰길(12m+)
35.2171,129.0786,1,0.471,93,14.9,1.13,0.0,큰길(12m+)
35.2153,129.0775,1,0.482,85,18.7,0.75,0.0,큰길(12m+)
35.2147,129.0772,1,0.619,73,31.1,0.23,0.0,큰길(12m+)
35.2145,129.077,1,0.688,59,15.7,0.36,0.0,큰길(12m+)
35.2123,129.0791,1,0.961,25,63.0,0.16,0.0,큰길(12m+)
35.2056,129.0781,1,0.909,35,60.6,0.14,0.0,큰길(12m+)
35.205,129.0779,1,0.841,22,59.2,0.17,0.0,큰길(12m+)
35.2308,129.0805,1,0.928,19,40.2,0.07,0.0,큰길(12m+)
35.2042,129.0785,1,0.853,39,,,,개방
35.2025,129.0789,1,0.901,55,,,,개방
35.2009,129.0795,1,0.891,10,,,,개방
35.2003,129.08,1,0.894,7,,,,개방
35.1978,129.0824,1,0.841,25,,,,개방
35.196,129.0843,1,0.962,50,,,,개방
35.1944,129.0879,1,0.98,38,,,,개방
35.193,129.0891,1,0.633,35,59.1,0.97,0.0,큰길(12m+)
35.1925,129.0886,1,0.539,70,3.9,1.43,1.5,보행골목(<6m)
35.1921,129.0894,1,0.975,42,94.6,0.06,0.0,큰길(12m+)
35.1908,129.0902,1,0.934,79,31.1,0.18,0.0,큰길(12m+)
35.1888,129.0946,1,0.938,90,46.9,0.12,0.0,큰길(12m+)
35.1879,129.0974,1,0.896,116,31.0,0.36,0.0,큰길(12m+)
35.1879,129.0977,1,0.876,110,31.0,0.14,0.0,큰길(12m+)
35.1878,129.1019,1,0.846,82,41.0,0.1,0.0,큰길(12m+)
35.1879,129.1068,1,0.966,91,41.7,0.13,0.0,큰길(12m+)
35.1821,129.1071,1,0.94,96,33.7,0.17,0.0,큰길(12m+)
35.1809,129.107,1,0.741,98,13.5,0.41,0.0,큰길(12m+)
35.1784,129.1071,1,0.747,89,28.7,0.29,0.0,큰길(12m+)
35.1777,129.1081,1,0.616,31,69.0,0.67,0.0,큰길(12m+)
35.1773,129.1101,1,0.676,10,73.2,0.63,0.0,큰길(12m+)
35.1768,129.1111,2,0.627,26,53.9,0.93,0.0,큰길(12m+)
35.231,129.0768,1,0.523,25,20.9,0.33,0.0,큰길(12m+)
35.1768,129.1107,1,0.503,22,37.4,1.35,0.0,큰길(12m+)
35.1766,129.1109,2,0.392,34,45.1,0.62,1.1,큰길(12m+)
35.1754,129.1116,3,0.952,135,27.4,0.15,0.0,큰길(12m+)
35.1767,129.111,1,0.546,32,54.0,0.93,0.0,큰길(12m+)
35.2314,129.0794,1,0.998,19,75.5,0.04,0.0,큰길(12m+)
35.1769,129.1109,2,0.551,20,54.3,0.93,0.0,큰길(12m+)
35.178,129.111,1,0.844,33,,,,개방
35.178,129.1111,1,0.879,36,,,,개방
35.2315,129.0787,3,0.978,17,41.0,0.17,0.0,큰길(12m+)
35.2314,129.0793,2,0.997,19,86.6,0.03,0.0,큰길(12m+)
35.2314,129.0791,2,0.994,21,62.9,0.04,0.0,큰길(12m+)
35.2314,129.0788,1,0.979,19,42.4,0.07,0.0,큰길(12m+)
35.1769,129.1106,1,0.453,13,31.4,1.61,0.0,큰길(12m+)
35.2313,129.0801,1,0.598,12,2.3,1.19,9.0,보행골목(<6m)
35.0964,129.0615,1,0.849,179,20.0,0.42,0.0,큰길(12m+)
35.0961,129.061,2,0.705,215,11.7,0.36,0.0,혼합골목(6-12m)
35.0964,129.0616,1,0.867,178,20.6,0.27,0.0,큰길(12m+)
35.096,129.061,1,0.619,204,8.0,0.7,0.0,혼합골목(6-12m)
35.0957,129.0606,1,0.49,280,8.7,0.64,0.0,혼합골목(6-12m)
35.231,129.0802,2,0.966,20,39.9,0.07,0.0,큰길(12m+)
35.2311,129.0791,1,0.985,31,81.5,0.03,0.0,큰길(12m+)
35.2315,129.0769,2,0.967,25,38.5,0.07,0.0,큰길(12m+)
35.2314,129.0766,1,0.984,28,65.0,0.11,0.0,큰길(12m+)
35.2302,129.0766,1,0.909,31,41.0,0.27,0.0,큰길(12m+)
35.2285,129.0773,1,0.836,75,23.2,0.48,0.0,큰길(12m+)
35.2263,129.078,1,0.884,18,69.5,0.08,0.0,큰길(12m+)
35.226,129.0786,1,0.728,8,108.1,0.71,0.0,큰길(12m+)
35.2231,129.0773,1,0.908,6,,,,개방
35.22,129.0765,2,0.844,6,,,,개방
35.2175,129.0743,1,0.86,55,29.5,0.43,0.0,큰길(12m+)
35.2135,129.0718,1,0.907,55,27.9,0.2,0.0,큰길(12m+)
35.213,129.0715,1,0.917,50,38.3,0.11,0.0,큰길(12m+)
35.2108,129.0707,1,0.664,6,80.0,0.98,0.0,큰길(12m+)
35.2089,129.0699,1,0.582,41,28.8,0.78,0.0,큰길(12m+)
35.2084,129.068,1,0.923,12,,,,개방
35.208,129.0693,1,0.888,8,,,,개방
35.2107,129.0581,1,1.0,1,,,,개방
35.2094,129.0651,1,0.923,38,67.2,0.17,0.0,큰길(12m+)
35.2132,129.0417,2,0.996,21,,,,개방
35.2132,129.0408,1,0.986,28,67.9,0.06,0.0,큰길(12m+)
35.213,129.0367,1,0.451,37,7.4,0.75,15.5,혼합골목(6-12m)
35.213,129.0354,1,0.441,19,12.0,0.82,12.7,큰길(12m+)
35.2122,129.0317,1,0.613,26,11.6,0.6,0.0,혼합골목(6-12m)
35.2128,129.0303,1,0.758,42,86.5,0.44,0.0,큰길(12m+)
35.2137,129.0266,1,0.985,86,71.7,0.1,0.0,큰길(12m+)
35.2135,129.0248,1,0.605,33,15.4,0.36,7.3,큰길(12m+)
35.2131,129.0171,1,0.744,58,33.9,0.21,0.0,큰길(12m+)
35.2117,129.0118,1,0.401,60,4.6,1.21,8.9,보행골목(<6m)
35.2116,129.0114,1,0.321,57,5.3,1.6,8.8,보행골목(<6m)
35.2113,129.0094,1,0.519,64,10.1,1.81,0.0,혼합골목(6-12m)
35.2104,129.0065,1,0.233,72,7.2,3.12,14.7,혼합골목(6-12m)
35.2102,129.0057,1,0.435,60,6.9,0.81,13.7,혼합골목(6-12m)
35.2099,129.0046,1,0.666,52,33.9,0.7,0.0,큰길(12m+)
35.2094,129.0015,1,0.954,35,78.6,0.05,0.0,큰길(12m+)
35.209,129.0003,1,0.592,31,37.2,0.68,0.0,큰길(12m+)
35.2066,128.9968,1,0.903,52,34.5,0.2,0.0,큰길(12m+)
35.2065,128.9967,1,0.908,50,34.4,0.2,0.0,큰길(12m+)
35.177,129.1109,1,0.496,19,47.9,1.05,0.0,큰길(12m+)
35.2097,128.9856,1,1.0,1,,,,개방
35.2111,128.9812,1,0.936,16,50.8,0.11,0.0,큰길(12m+)
35.2122,128.9706,1,0.998,3,,,,개방
35.2123,128.9682,1,0.997,3,,,,개방
35.2131,128.9607,1,0.58,4,17.5,0.4,6.9,큰길(12m+)
35.2132,128.9547,1,1.0,4,,,,개방
35.2139,128.951,1,0.511,69,5.6,1.0,1.3,보행골목(<6m)
35.2155,128.9452,1,0.992,27,41.2,0.07,0.0,큰길(12m+)
35.2157,128.9447,1,0.981,53,58.6,0.1,0.0,큰길(12m+)
35.2167,128.9409,1,0.97,46,61.2,0.09,0.0,큰길(12m+)
35.2185,128.9361,1,0.98,83,38.8,0.11,0.0,큰길(12m+)
35.22,128.932,1,0.983,45,39.1,0.14,0.0,큰길(12m+)
35.2246,128.9259,1,0.998,25,49.0,0.06,0.0,큰길(12m+)
35.222,128.9279,1,0.548,79,18.7,0.3,0.0,큰길(12m+)
35.2218,128.9284,1,0.978,74,52.3,0.13,0.0,큰길(12m+)
35.2213,128.9292,1,0.999,19,,,,개방
35.2221,128.9264,1,0.954,53,22.2,0.19,0.0,큰길(12m+)
35.2129,128.9118,1,1.0,24,,,,개방
35.2147,128.8868,1,0.995,31,42.4,0.07,0.0,큰길(12m+)
35.214,128.8891,1,,0,,,,개방
35.2148,128.8882,1,0.774,50,11.5,0.49,0.0,혼합골목(6-12m)
35.215,128.8867,1,0.997,20,68.2,0.04,0.0,큰길(12m+)
35.1278,129.0454,2,0.778,121,30.3,0.46,0.0,큰길(12m+)
35.2245,128.8871,1,1.0,4,92.8,0.05,0.0,큰길(12m+)
35.2261,128.8851,2,0.516,8,,,,개방
35.2262,128.885,2,0.512,11,56.5,0.47,10.7,큰길(12m+)
35.2244,128.8797,2,0.887,20,26.1,0.16,0.0,큰길(12m+)
35.2257,128.8746,3,0.987,47,,,,개방
35.2314,129.0796,1,0.996,16,56.4,0.05,0.0,큰길(12m+)
35.2277,128.8728,1,0.969,10,,,,개방
35.2328,128.8722,3,0.572,7,,,,개방
35.2367,128.8742,15,0.995,7,,,,개방
35.2396,128.8702,2,0.959,25,77.0,0.22,0.0,큰길(12m+)
35.2468,128.8695,1,,0,,,,개방
35.2505,128.8678,2,0.917,34,,,,개방
35.2487,128.8682,5,0.954,10,,,,개방
35.2275,128.8784,3,0.896,104,22.0,0.25,0.0,큰길(12m+)
35.2554,128.8677,22,0.621,15,7.0,4.39,0.0,혼합골목(6-12m)
35.2568,128.8675,11,0.486,33,13.4,2.29,3.5,큰길(12m+)
35.257,128.8661,3,0.914,41,61.9,0.47,0.0,큰길(12m+)
35.2546,128.8677,10,0.957,31,114.7,0.04,0.0,큰길(12m+)
35.1768,129.1108,2,0.526,23,52.4,0.96,0.0,큰길(12m+)
35.2317,129.0813,1,1.0,8,76.9,0.04,0.0,큰길(12m+)
35.2538,128.8689,13,0.954,23,45.7,0.12,0.0,큰길(12m+)
35.1773,129.1128,1,0.997,29,,,,개방
35.1768,129.1109,1,0.549,23,54.3,0.93,0.0,큰길(12m+)
35.1772,129.1107,1,0.548,14,34.2,1.47,0.0,큰길(12m+)
35.1847,129.1034,1,0.228,24,34.0,2.06,0.0,큰길(12m+)
35.1843,129.1042,1,0.306,19,24.1,1.57,1.9,큰길(12m+)
35.2317,129.0802,1,0.998,8,55.6,0.05,0.0,큰길(12m+)
35.2536,128.8681,10,0.819,27,44.6,0.13,0.0,큰길(12m+)
35.2548,128.8676,10,0.523,28,41.2,0.75,3.0,큰길(12m+)
35.1227,129.0428,1,0.312,93,4.3,2.27,2.7,보행골목(<6m)
35.1223,129.0427,1,0.617,93,18.9,0.89,0.0,큰길(12m+)
35.2313,129.0807,1,1.0,9,94.2,0.03,0.0,큰길(12m+)
35.1204,129.0417,2,0.528,68,32.9,1.19,0.0,큰길(12m+)
35.1197,129.0421,1,0.924,49,,,,개방
35.1161,129.0402,1,0.917,60,88.9,0.33,0.0,큰길(12m+)
35.2522,128.8658,1,0.606,6,34.0,1.48,0.0,큰길(12m+)
35.1125,129.0383,1,0.79,75,50.2,0.2,0.0,큰길(12m+)
35.1106,129.0375,1,0.919,108,43.1,0.13,0.0,큰길(12m+)
35.108,129.0364,1,0.695,101,43.0,0.13,0.0,큰길(12m+)
35.2328,129.0828,3,0.79,8,7.7,0.37,1.0,혼합골목(6-12m)
35.1057,129.0362,2,0.537,64,26.3,0.21,12.1,큰길(12m+)
35.2309,129.0804,1,0.997,19,40.0,0.07,0.0,큰길(12m+)
35.2323,129.084,2,0.492,41,25.2,0.67,20.4,큰길(12m+)
35.1052,129.0362,1,0.422,67,3.7,1.53,12.6,보행골목(<6m)
35.1832,129.1029,1,0.279,23,11.7,5.73,0.0,혼합골목(6-12m)
35.1041,129.0363,1,0.341,65,2.9,1.91,14.5,보행골목(<6m)
35.1028,129.0342,1,0.883,117,25.0,0.22,0.0,큰길(12m+)
35.2324,129.0844,2,0.751,66,25.7,0.54,0.0,큰길(12m+)
35.1025,129.0317,1,0.929,70,21.2,0.26,0.0,큰길(12m+)
35.2324,129.0849,1,0.523,100,14.6,0.96,0.0,큰길(12m+)
35.102,129.0323,1,0.914,30,17.0,0.33,0.0,큰길(12m+)
35.1837,129.1033,1,0.2,24,31.4,2.23,0.0,큰길(12m+)
35.1022,129.0326,2,0.954,27,27.1,0.21,0.0,큰길(12m+)
35.2322,129.0853,3,0.605,123,14.6,1.06,0.0,큰길(12m+)
35.1028,129.0336,1,0.829,92,25.0,0.34,0.0,큰길(12m+)
35.1025,129.0325,2,0.909,54,23.2,0.24,0.0,큰길(12m+)
35.1028,129.0331,1,0.841,83,29.5,0.19,0.0,큰길(12m+)
35.1025,129.0337,1,0.512,77,20.7,0.27,0.0,큰길(12m+)
35.1047,129.0355,1,0.647,120,14.9,1.69,0.0,큰길(12m+)
35.1028,129.0332,2,0.842,85,32.6,0.17,0.0,큰길(12m+)
35.1026,129.0325,1,0.897,56,17.6,0.32,0.0,큰길(12m+)
35.1028,129.0322,1,0.923,76,26.8,0.21,0.0,큰길(12m+)
35.1028,129.0317,1,0.947,84,46.4,0.12,0.0,큰길(12m+)
35.1028,129.0312,1,0.916,95,27.2,0.15,0.0,큰길(12m+)
35.1023,129.0308,1,0.775,103,23.8,0.23,0.0,큰길(12m+)
35.1766,129.1111,1,0.585,33,35.0,0.8,0.0,큰길(12m+)
35.2552,128.8675,1,0.822,16,53.9,0.57,0.0,큰길(12m+)
35.2551,128.869,5,0.981,18,75.5,0.09,0.0,큰길(12m+)
35.2552,128.8693,7,0.995,17,,,,개방
35.2521,128.87,13,0.995,14,,,,개방
35.2523,128.8716,1,0.636,23,35.9,0.7,0.0,큰길(12m+)
35.2501,128.8695,4,0.974,54,67.1,0.1,0.0,큰길(12m+)
35.2505,128.8695,2,0.979,46,68.3,0.12,0.0,큰길(12m+)
35.2494,128.8695,6,0.938,35,39.1,0.18,0.0,큰길(12m+)
35.2473,128.8704,8,0.994,43,,,,개방
35.2469,128.8709,1,0.985,50,,,,개방
35.2454,128.8703,3,1.0,1,,,,개방
35.2447,128.8721,5,0.981,28,,,,개방
35.2311,129.0807,2,0.998,10,,,,개방
35.2444,128.8722,5,0.998,23,,,,개방
35.2436,128.8709,2,0.999,2,,,,개방
35.2308,129.0817,1,0.978,9,36.3,0.08,0.0,큰길(12m+)
35.2305,129.0822,1,0.917,19,55.8,0.28,0.0,큰길(12m+)
35.2418,128.8727,9,0.921,18,40.6,0.14,0.0,큰길(12m+)
35.2408,128.8733,7,0.278,13,2.0,5.6,6.0,보행골목(<6m)
35.2314,129.0806,1,1.0,7,91.5,0.03,0.0,큰길(12m+)
35.2317,129.081,1,0.999,9,,,,개방
35.2366,128.8739,12,0.998,6,,,,개방
35.2321,129.0828,1,0.951,5,23.7,0.12,0.0,큰길(12m+)
35.2339,128.8719,8,0.999,8,,,,개방
35.2336,129.0824,1,0.986,9,55.5,0.13,0.0,큰길(12m+)
35.2338,129.0836,1,0.923,54,40.1,0.21,0.0,큰길(12m+)
35.2331,128.8724,8,0.979,8,,,,개방
35.2336,129.0841,1,0.549,83,10.0,0.84,0.0,혼합골목(6-12m)
35.2342,129.0848,1,0.204,137,2.2,5.08,2.3,보행골목(<6m)
35.2319,128.8745,1,0.995,17,,,,개방
35.2349,128.8727,1,0.984,14,,,,개방
35.1821,129.1034,2,0.507,51,13.5,0.42,0.0,큰길(12m+)
35.2369,128.8741,3,0.996,6,,,,개방
35.2375,128.8751,1,0.5,45,37.7,0.48,0.0,큰길(12m+)
35.2421,128.8731,2,0.533,20,19.2,0.44,0.0,큰길(12m+)
35.2444,128.873,2,0.998,16,48.5,0.06,0.0,큰길(12m+)
35.245,128.8708,1,1.0,1,,,,개방
35.248,128.8697,1,0.997,27,,,,개방
35.2516,128.8706,2,0.809,19,32.7,0.13,0.0,큰길(12m+)
35.2541,128.8699,1,0.984,27,64.8,0.09,0.0,큰길(12m+)
35.2544,128.8696,1,0.864,23,,,,개방
35.2315,129.0851,1,0.882,103,30.6,0.27,0.0,큰길(12m+)
35.2285,129.0856,1,0.907,98,15.6,0.27,0.0,큰길(12m+)
35.1026,129.0312,1,0.592,93,7.7,0.55,0.0,혼합골목(6-12m)
35.2286,129.086,1,0.787,96,21.3,0.46,0.0,큰길(12m+)
35.2312,129.0881,1,0.534,124,17.8,0.55,0.0,큰길(12m+)
35.231,129.0901,1,0.359,17,42.5,2.01,0.0,큰길(12m+)
35.1022,129.0308,1,0.499,94,14.8,0.66,0.0,큰길(12m+)
35.2298,129.0924,1,0.576,101,14.2,0.89,0.0,큰길(12m+)
35.1023,129.031,2,0.68,94,7.2,0.77,0.0,혼합골목(6-12m)
35.2256,129.0917,1,0.633,101,19.3,0.65,0.0,큰길(12m+)
35.2235,129.091,1,0.561,79,16.5,0.42,0.0,큰길(12m+)
35.2208,129.0879,1,0.691,121,21.1,0.6,0.0,큰길(12m+)
35.221,129.0873,1,0.716,94,4.1,1.36,0.0,보행골목(<6m)
35.2206,129.087,1,0.869,111,31.0,0.18,0.0,큰길(12m+)
35.2202,129.0868,1,0.873,109,30.9,0.18,0.0,큰길(12m+)
35.2198,129.0865,1,0.923,88,30.5,0.18,0.0,큰길(12m+)
35.2194,129.0863,1,0.852,73,33.6,0.17,0.0,큰길(12m+)
35.219,129.086,2,0.775,61,71.6,0.14,0.0,큰길(12m+)
35.2186,129.0857,1,0.801,59,,,,개방
35.1013,129.0243,1,0.158,165,1.9,11.95,3.1,보행골목(<6m)
35.1023,129.0314,2,0.83,63,14.5,0.39,0.0,큰길(12m+)
35.1024,129.0317,1,0.85,64,12.0,0.47,0.0,큰길(12m+)
35.1026,129.0317,1,0.953,73,41.4,0.1,0.0,큰길(12m+)
35.1029,129.032,1,0.907,86,28.9,0.19,0.0,큰길(12m+)
35.1028,129.0324,1,0.922,68,34.5,0.16,0.0,큰길(12m+)
35.1027,129.0325,1,0.92,60,46.5,0.12,0.0,큰길(12m+)
35.1022,129.0338,1,0.653,64,14.7,0.38,0.0,큰길(12m+)
35.1025,129.0327,2,0.934,48,25.2,0.22,0.0,큰길(12m+)
35.1028,129.0333,1,0.836,85,29.6,0.19,0.0,큰길(12m+)
35.1024,129.0325,1,0.92,42,24.3,0.23,0.0,큰길(12m+)
35.1027,129.0326,1,0.839,60,33.2,0.17,0.0,큰길(12m+)
35.1027,129.0327,1,0.701,58,30.2,0.19,0.0,큰길(12m+)
35.126,129.0462,1,0.79,36,72.8,0.65,0.0,큰길(12m+)
35.1352,129.0934,1,0.863,77,31.0,0.23,0.0,큰길(12m+)
35.1354,129.0937,1,0.831,70,30.4,0.18,0.0,큰길(12m+)
35.1365,129.0982,1,0.729,34,82.9,0.71,0.0,큰길(12m+)
35.2313,129.081,1,1.0,9,,,,개방
35.1606,129.1138,1,0.643,106,35.1,0.92,0.0,큰길(12m+)
35.1626,129.0471,1,0.973,95,,,,개방
35.1628,129.0458,1,0.992,101,102.1,0.05,0.0,큰길(12m+)
35.1664,129.1279,1,,0,,,,개방
35.2343,129.0845,6,0.209,126,1.3,6.52,2.5,보행골목(<6m)
35.2182,129.0843,3,0.779,28,,,,개방
35.2183,129.0849,4,0.859,31,,,,개방
35.2182,129.0855,2,0.456,52,6.2,3.85,0.0,혼합골목(6-12m)
35.2181,129.0846,4,0.874,28,,,,개방
35.2178,129.0844,1,0.902,38,102.1,0.1,0.0,큰길(12m+)
35.161,129.1541,1,0.818,34,45.4,0.25,0.0,큰길(12m+)
35.1603,129.1521,1,0.731,45,51.3,1.09,0.0,큰길(12m+)
35.1634,129.1445,1,0.957,9,,,,개방
35.1623,129.1471,1,0.728,16,,,,개방
35.2182,129.0856,1,0.19,62,5.9,4.05,4.1,보행골목(<6m)
35.218,129.0854,3,0.139,53,2.4,9.95,2.6,보행골목(<6m)
35.1689,129.1439,1,0.439,11,27.9,3.26,0.0,큰길(12m+)
35.1697,129.1425,1,0.734,16,83.5,0.69,0.0,큰길(12m+)
35.169,129.1436,3,0.305,11,30.8,2.5,5.4,큰길(12m+)
35.2177,129.0846,1,0.91,41,,,,개방
35.218,129.0849,1,0.894,35,,,,개방
35.2186,129.0852,3,0.876,38,109.0,0.06,0.0,큰길(12m+)
35.2184,129.085,3,0.877,33,95.4,0.19,0.0,큰길(12m+)
35.2187,129.0843,6,0.473,24,8.8,4.75,3.4,혼합골목(6-12m)
35.2185,129.0853,5,0.909,41,,,,개방
35.2188,129.0847,2,0.728,20,69.5,0.1,0.0,큰길(12m+)
35.2186,129.0845,1,0.646,24,43.0,0.98,0.0,큰길(12m+)
35.2187,129.084,1,0.082,30,1.5,53.86,0.0,보행골목(<6m)
35.2183,129.0853,5,0.846,42,,,,개방
35.2189,129.0844,1,0.415,29,24.1,2.2,0.0,큰길(12m+)
35.2185,129.085,2,0.872,32,92.6,0.09,0.0,큰길(12m+)
35.2191,129.0841,1,0.389,38,19.5,3.37,0.0,큰길(12m+)
35.2191,129.0844,1,0.143,26,1.8,55.86,3.8,보행골목(<6m)
35.2185,129.0839,1,0.319,29,10.0,4.64,0.0,혼합골목(6-12m)
35.2183,129.0843,4,0.728,22,,,,개방
35.2192,129.0853,1,0.854,37,,,,개방
35.219,129.0845,1,0.214,25,13.5,4.89,0.0,큰길(12m+)
35.2179,129.0841,1,0.836,32,,,,개방
35.2181,129.0842,1,0.801,28,,,,개방
35.2185,129.0856,2,0.876,58,,,,개방
35.2181,129.0845,2,0.857,31,,,,개방
35.2183,129.0857,1,0.172,62,5.0,2.8,0.0,보행골목(<6m)
35.2182,129.0857,2,0.119,61,2.1,6.82,5.4,보행골목(<6m)
35.2183,129.0839,3,0.576,31,23.9,1.87,0.0,큰길(12m+)
35.2184,129.084,15,0.413,28,20.8,2.23,4.3,큰길(12m+)
35.2184,129.0841,2,0.522,25,48.0,0.88,6.1,큰길(12m+)
35.2185,129.0846,1,0.736,22,,,,개방
35.2183,129.0851,2,0.894,37,96.7,0.19,0.0,큰길(12m+)
35.2182,129.0849,2,0.884,30,115.0,0.04,0.0,큰길(12m+)
35.2181,129.0851,9,0.871,40,,,,개방
35.2186,129.0842,7,0.497,22,22.3,1.88,7.0,큰길(12m+)
35.2343,129.0846,4,0.085,137,1.1,7.83,1.4,보행골목(<6m)
35.2183,129.0847,6,0.822,27,,,,개방
35.2184,129.0846,6,0.767,22,,,,개방
35.2181,129.0856,2,0.22,61,5.1,4.69,0.0,보행골목(<6m)
35.2185,129.0845,4,0.685,22,,,,개방
35.2184,129.0854,1,0.878,48,,,,개방
35.2187,129.0845,1,0.53,23,19.1,2.2,3.5,큰길(12m+)
35.2187,129.0846,2,0.56,22,10.0,0.56,3.1,혼합골목(6-12m)
35.218,129.0855,1,0.142,56,3.5,6.86,5.1,보행골목(<6m)
35.2547,128.8676,1,0.85,30,59.6,0.07,0.0,큰길(12m+)
35.2188,129.0841,4,0.131,34,8.9,9.13,0.0,혼합골목(6-12m)
35.1828,129.103,1,0.187,31,23.4,2.93,0.0,큰길(12m+)
35.1836,129.1033,2,,0,,,,개방
35.1821,129.1035,1,0.66,52,16.2,0.26,0.0,큰길(12m+)
35.1837,129.1035,1,0.211,24,11.7,5.98,5.0,혼합골목(6-12m)
35.1835,129.103,1,0.293,21,55.8,1.25,0.0,큰길(12m+)
35.1818,129.1035,1,0.745,75,15.3,0.37,0.0,큰길(12m+)
35.1814,129.1036,1,0.82,97,13.6,0.41,0.0,큰길(12m+)
35.181,129.1037,1,0.537,104,3.2,1.77,0.0,보행골목(<6m)
35.255,128.8676,1,0.842,18,55.1,0.1,0.0,큰길(12m+)
35.2275,128.8735,2,0.539,14,48.1,0.23,13.2,큰길(12m+)
35.2247,128.9259,1,0.999,29,48.4,0.06,0.0,큰길(12m+)
35.213,129.0349,1,0.431,23,11.4,0.86,7.2,혼합골목(6-12m)
35.2132,129.0416,2,0.996,20,,,,개방
35.218,129.0856,2,0.207,61,6.3,6.0,0.0,혼합골목(6-12m)
35.208,129.0691,1,0.878,6,,,,개방
35.218,129.0857,2,0.373,66,11.9,2.36,2.2,혼합골목(6-12m)
35.1923,129.0893,2,0.92,43,83.9,0.05,0.0,큰길(12m+)
35.2189,129.0849,1,0.762,22,,,,개방
35.2346,129.0848,2,0.431,139,7.7,0.72,0.0,혼합골목(6-12m)
35.2345,129.0843,1,0.239,111,4.2,2.02,0.0,보행골목(<6m)
35.2183,129.0836,1,0.496,31,16.7,0.59,0.0,큰길(12m+)
35.2188,129.0839,1,0.215,35,8.4,2.34,4.2,혼합골목(6-12m)
35.219,129.0841,1,0.327,36,19.4,3.38,0.0,큰길(12m+)
35.2189,129.084,2,0.052,35,2.1,16.31,1.4,보행골목(<6m)
35.2185,129.0857,1,0.733,60,,,,개방
35.2215,129.0859,1,0.506,25,60.9,1.17,30.4,큰길(12m+)
35.2215,129.0857,1,0.506,25,,,,개방
35.2215,129.0862,1,0.506,20,,,,개방
35.2183,129.0855,1,0.636,54,,,,개방
35.1907,129.1023,1,0.863,9,,,,개방
35.1911,129.1062,2,0.595,7,,,,개방
35.1905,129.1071,1,0.968,21,,,,개방
35.191,129.1069,1,0.921,12,,,,개방
35.2118,129.1198,1,0.952,6,,,,개방
35.2414,129.1346,1,,0,,,,개방
35.2433,129.1359,1,,0,,,,개방
35.248,129.1412,1,,0,,,,개방
35.245,129.1376,1,,0,,,,개방
35.2341,129.0844,1,0.581,118,13.5,0.52,0.0,큰길(12m+)
35.218,129.0847,1,0.894,31,,,,개방
35.218,129.0832,1,0.329,33,21.1,1.85,0.0,큰길(12m+)
35.2642,129.2271,1,0.998,13,,,,개방
35.2625,129.2269,1,1.0,4,,,,개방
35.2641,129.2271,1,0.997,11,,,,개방
35.2645,129.2272,1,0.993,16,,,,개방
35.2657,129.2277,1,0.984,8,,,,개방
35.2667,129.2259,1,0.847,12,99.4,0.44,0.0,큰길(12m+)
35.1288,129.0452,2,0.936,88,64.4,0.22,0.0,큰길(12m+)
35.2659,129.2278,1,0.966,9,,,,개방
35.262,129.2269,1,0.993,1,,,,개방
35.2562,129.2241,1,0.999,6,76.2,0.06,0.0,큰길(12m+)
35.2528,129.2221,1,0.999,1,,,,개방
35.2509,129.2168,1,0.982,59,43.2,0.06,0.0,큰길(12m+)
35.2493,129.2139,1,0.895,50,22.1,0.13,0.0,큰길(12m+)
35.2475,129.2117,1,0.655,30,42.0,0.77,0.0,큰길(12m+)
35.2512,129.2084,1,0.758,27,23.4,0.42,0.0,큰길(12m+)
35.2186,129.2277,1,0.994,74,77.3,0.05,0.0,큰길(12m+)
35.2527,129.1915,1,0.998,17,,,,개방
35.2515,129.1901,1,0.993,6,65.0,0.04,0.0,큰길(12m+)
35.2182,129.0844,2,0.799,28,,,,개방
35.2455,129.179,1,,0,,,,개방
35.2465,129.1801,1,1.0,1,,,,개방
35.2459,129.1794,1,1.0,1,,,,개방
35.2432,129.177,1,1.0,4,,,,개방
35.2374,129.1717,1,0.623,6,34.5,0.12,0.0,큰길(12m+)
35.2387,129.168,1,0.722,6,51.2,0.74,0.0,큰길(12m+)
35.2363,129.1688,1,0.989,6,72.3,0.08,0.0,큰길(12m+)
35.2362,129.1638,1,0.987,9,43.3,0.1,0.0,큰길(12m+)
35.2341,129.1564,1,0.988,161,,,,개방
35.2321,129.1539,1,0.48,166,4.5,1.55,1.6,보행골목(<6m)
35.2187,129.0858,1,0.761,65,,,,개방
35.2322,129.1534,1,0.615,76,25.9,0.27,4.8,큰길(12m+)
35.2191,129.0861,1,0.698,66,54.2,0.34,0.0,큰길(12m+)
35.2301,129.1492,1,0.964,105,51.1,0.08,0.0,큰길(12m+)
35.2195,129.0864,1,0.703,78,32.8,0.38,0.0,큰길(12m+)
35.2265,129.1464,1,0.786,30,36.6,0.65,0.0,큰길(12m+)
35.2199,129.0866,1,0.923,99,30.9,0.18,0.0,큰길(12m+)
35.2245,129.1463,1,0.884,93,60.0,0.14,0.0,큰길(12m+)
35.2216,129.1438,1,0.993,19,,,,개방
35.2203,129.0868,1,0.847,111,31.1,0.13,0.0,큰길(12m+)
35.2196,129.133,1,1.0,4,,,,개방
35.2207,129.0871,1,0.6,106,31.0,0.27,0.0,큰길(12m+)
35.2197,129.1316,1,0.999,28,,,,개방
35.2211,129.0873,1,0.915,82,13.8,0.31,0.0,큰길(12m+)
35.2202,129.1275,1,0.999,13,,,,개방
35.2222,129.0871,1,0.823,36,,,,개방
35.22,129.1282,1,0.999,13,,,,개방
35.2193,129.1257,1,0.981,36,31.1,0.13,0.0,큰길(12m+)
35.2181,129.1208,1,0.981,6,78.0,0.05,0.0,큰길(12m+)
35.2234,129.0877,1,0.918,25,,,,개방
35.1285,129.0461,1,0.503,125,7.1,0.99,0.0,혼합골목(6-12m)
35.2178,129.1195,1,0.948,5,71.1,0.18,0.0,큰길(12m+)
35.2162,129.1162,1,0.949,71,26.3,0.21,0.0,큰길(12m+)
35.2241,129.0881,1,0.94,44,,,,개방
35.1281,129.0451,1,0.564,138,2.6,1.09,3.3,보행골목(<6m)
35.2147,129.1116,1,0.877,48,32.2,0.22,0.0,큰길(12m+)
35.2146,129.1107,1,0.969,52,30.7,0.18,0.0,큰길(12m+)
35.2245,129.0882,1,0.863,55,118.2,0.44,0.0,큰길(12m+)
35.2145,129.1101,1,0.845,62,30.6,0.14,0.0,큰길(12m+)
35.2254,129.0887,1,0.894,59,,,,개방
35.2137,129.1081,1,0.827,70,30.6,0.27,0.0,큰길(12m+)
35.2259,129.0885,1,0.801,22,,,,개방
35.2146,129.1111,1,0.873,45,26.4,0.48,0.0,큰길(12m+)
35.2106,129.1052,1,0.722,115,25.1,0.33,0.0,큰길(12m+)
35.2263,129.0885,1,0.77,16,,,,개방
35.2269,129.0886,1,0.854,21,85.4,0.59,0.0,큰길(12m+)
35.2103,129.105,1,0.83,118,26.1,0.59,0.0,큰길(12m+)
35.2273,129.0887,1,0.931,38,113.9,0.04,0.0,큰길(12m+)
35.2061,129.1025,1,0.954,35,53.8,0.16,0.0,큰길(12m+)
35.2023,129.0992,1,0.803,96,26.0,0.22,0.0,큰길(12m+)
35.2002,129.0979,1,0.891,95,34.2,0.25,0.0,큰길(12m+)
35.2275,129.0882,1,0.735,48,24.8,0.17,0.0,큰길(12m+)
35.1997,129.0973,1,0.535,66,12.4,0.68,2.0,큰길(12m+)
35.2277,129.0876,1,0.644,82,23.7,0.41,0.0,큰길(12m+)
35.1983,129.0967,1,0.994,26,,,,개방
35.2279,129.0872,1,0.613,88,41.3,0.17,0.0,큰길(12m+)
35.2281,129.0867,1,0.638,87,24.0,0.23,0.0,큰길(12m+)
35.1989,129.0971,1,0.97,42,,,,개방
35.1976,129.0969,1,0.92,28,30.9,0.27,0.0,큰길(12m+)
35.1959,129.0979,1,0.706,44,24.3,0.4,0.0,큰길(12m+)
35.1947,129.0982,1,0.574,20,35.4,0.99,0.0,큰길(12m+)
35.1943,129.0983,1,0.647,22,36.6,1.0,0.0,큰길(12m+)
35.1913,129.0995,1,0.85,20,,,,개방
35.2282,129.086,1,0.92,91,36.2,0.27,0.0,큰길(12m+)
35.1921,129.0962,1,0.702,4,,,,개방
35.1915,129.0949,1,0.805,34,35.1,1.2,0.0,큰길(12m+)
35.1901,129.0942,2,0.74,137,12.7,0.33,0.0,큰길(12m+)
35.1896,129.0937,2,0.671,100,29.7,0.19,0.0,큰길(12m+)
35.2291,129.0842,1,0.712,89,16.7,0.67,0.0,큰길(12m+)
35.2305,129.079,1,0.809,51,21.8,0.32,0.0,큰길(12m+)
35.1262,129.0463,1,0.865,37,,,,개방
35.1898,129.094,1,0.788,115,12.9,0.43,0.0,큰길(12m+)
35.1905,129.0943,2,0.777,129,13.7,0.41,0.0,큰길(12m+)
35.1909,129.0945,1,0.784,83,10.4,0.54,0.0,혼합골목(6-12m)
35.1915,129.095,1,0.781,30,35.1,1.2,0.0,큰길(12m+)
35.1912,129.0946,1,0.889,61,22.7,0.12,0.0,큰길(12m+)
35.1908,129.0944,1,0.582,96,11.1,0.63,0.0,혼합골목(6-12m)
35.1901,129.0941,1,0.873,137,12.8,0.33,0.0,큰길(12m+)
35.1896,129.0936,2,0.852,97,29.2,0.19,0.0,큰길(12m+)
35.2349,129.0817,1,0.998,10,65.7,0.04,0.0,큰길(12m+)
35.2369,129.0821,1,0.93,76,20.0,0.21,0.0,큰길(12m+)
35.2371,129.0825,1,0.39,92,7.3,1.53,1.2,혼합골목(6-12m)
35.2376,129.0825,1,0.616,122,13.4,0.42,0.0,큰길(12m+)
35.2378,129.0823,1,0.52,121,15.1,0.93,0.0,큰길(12m+)
35.2374,129.0825,1,0.393,116,9.3,1.21,0.0,혼합골목(6-12m)
35.2369,129.0822,1,0.92,79,20.6,0.34,0.0,큰길(12m+)
35.1898,129.0941,1,0.465,118,12.7,0.44,0.0,큰길(12m+)
35.1892,129.0938,1,0.704,93,11.0,0.51,0.0,혼합골목(6-12m)
35.189,129.0935,2,0.926,95,34.3,0.16,0.0,큰길(12m+)
35.2373,129.0819,2,0.29,94,2.1,6.81,3.7,보행골목(<6m)
35.1891,129.093,2,0.876,100,32.1,0.13,0.0,큰길(12m+)
35.1893,129.0927,1,0.784,98,31.2,0.99,0.0,큰길(12m+)
35.1891,129.0937,1,0.869,93,41.1,0.1,0.0,큰길(12m+)
35.1895,129.0939,1,0.803,96,24.1,0.29,0.0,큰길(12m+)
35.1269,129.0469,1,0.803,32,82.6,0.85,0.0,큰길(12m+)
35.1897,129.0935,2,0.792,97,15.0,0.28,0.0,큰길(12m+)
35.1899,129.0931,2,0.593,90,13.2,0.42,0.0,큰길(12m+)
35.1902,129.0929,1,0.703,92,19.4,0.36,0.0,큰길(12m+)
35.1905,129.0932,1,0.728,110,8.7,0.64,0.0,혼합골목(6-12m)
35.237,129.0819,3,0.573,77,19.9,0.49,0.0,큰길(12m+)
35.2369,129.0815,2,0.846,64,17.7,0.47,0.0,큰길(12m+)
35.1893,129.0947,1,0.569,93,11.6,0.84,1.2,혼합골목(6-12m)
35.1273,129.0452,1,0.681,148,16.2,0.6,0.0,큰길(12m+)
35.1895,129.0944,1,0.343,99,3.9,1.8,3.0,보행골목(<6m)
35.237,129.082,2,0.844,80,35.9,0.12,0.0,큰길(12m+)
35.1898,129.0939,1,0.379,112,3.4,1.66,0.0,보행골목(<6m)
35.118,129.0494,2,0.54,1,,,,개방
35.1174,129.0487,5,0.54,1,,,,개방
35.1897,129.0934,1,0.786,96,10.3,0.41,0.0,혼합골목(6-12m)
35.1897,129.0926,1,0.59,80,9.5,0.59,0.0,혼합골목(6-12m)
35.2367,129.0817,1,0.502,52,1.7,1.69,8.2,보행골목(<6m)
35.1898,129.0918,1,0.895,87,31.1,0.18,0.0,큰길(12m+)
35.191,129.0904,1,0.598,92,26.9,0.16,4.9,큰길(12m+)
35.1913,129.0897,1,0.631,49,40.6,0.28,0.0,큰길(12m+)
35.1911,129.09,1,0.853,72,38.6,0.29,0.0,큰길(12m+)
35.1943,129.0882,1,0.978,36,,,,개방
35.1278,129.0453,1,0.751,131,30.6,0.46,0.0,큰길(12m+)
35.196,129.0869,1,0.914,36,48.9,0.29,0.0,큰길(12m+)
35.1975,129.086,1,0.955,45,,,,개방
35.1996,129.0848,1,0.897,32,54.3,0.28,0.0,큰길(12m+)
35.1991,129.0846,1,0.884,41,63.6,0.15,0.0,큰길(12m+)
35.1256,129.0443,1,0.399,114,19.9,0.56,0.0,큰길(12m+)
35.1997,129.0849,1,0.722,32,56.2,0.27,0.0,큰길(12m+)
35.1238,129.0434,1,0.621,80,24.3,1.27,0.0,큰길(12m+)
35.2003,129.0843,1,0.696,62,39.7,1.06,0.0,큰길(12m+)
35.1223,129.0428,1,0.58,88,25.5,0.55,0.0,큰길(12m+)
35.2013,129.084,2,0.845,55,46.7,0.39,0.0,큰길(12m+)
35.1211,129.042,1,0.66,52,31.1,1.8,0.0,큰길(12m+)
35.2022,129.0829,1,0.817,51,45.7,0.58,0.0,큰길(12m+)
35.2025,129.0822,1,0.818,48,38.6,0.25,0.0,큰길(12m+)
35.12,129.0419,1,0.894,61,,,,개방
35.2033,129.0806,1,0.816,50,,,,개방
35.2036,129.0802,1,0.914,65,69.5,0.2,0.0,큰길(12m+)
35.2372,129.0816,1,0.415,82,8.1,1.21,0.0,혼합골목(6-12m)
35.2043,129.0788,1,0.7,50,,,,개방
35.2042,129.0784,1,0.874,32,,,,개방
35.2046,129.0788,1,0.607,53,42.0,1.2,0.0,큰길(12m+)
35.2047,129.0774,1,0.457,31,12.1,0.81,7.0,큰길(12m+)
35.1299,129.0618,1,1.0,2,,,,개방
35.2075,129.0705,1,0.854,44,41.5,0.51,0.0,큰길(12m+)
35.1351,129.0655,1,0.963,15,102.0,0.07,0.0,큰길(12m+)
35.2075,129.0709,1,0.802,56,32.4,0.26,0.0,큰길(12m+)
35.1368,129.0721,1,0.985,41,72.5,0.1,0.0,큰길(12m+)
35.2076,129.0704,1,0.86,43,38.7,0.54,0.0,큰길(12m+)
35.1369,129.073,1,0.915,69,55.4,0.13,0.0,큰길(12m+)
35.2092,129.0657,1,0.985,41,90.1,0.11,0.0,큰길(12m+)
35.1372,129.0741,1,0.983,100,,,,개방
35.2096,129.0641,1,0.883,50,68.1,0.33,0.0,큰길(12m+)
35.1375,129.075,1,0.996,72,88.0,0.06,0.0,큰길(12m+)
35.2114,129.0541,1,0.999,6,,,,개방
35.1394,129.0797,1,0.966,63,45.2,0.12,0.0,큰길(12m+)
35.14,129.0812,1,0.989,75,97.3,0.06,0.0,큰길(12m+)
35.2128,129.0371,2,0.602,34,20.6,0.27,10.2,큰길(12m+)
35.1408,129.0831,1,0.997,65,,,,개방
35.213,129.0382,1,0.925,16,,,,개방
35.1414,129.0848,1,1.0,3,,,,개방
35.1177,129.0493,1,0.54,1,,,,개방
35.1419,129.0867,1,0.994,6,,,,개방
35.1423,129.087,1,0.99,20,,,,개방
35.2129,129.038,1,0.914,25,,,,개방
35.1431,129.0885,1,0.996,76,,,,개방
35.2133,129.0339,1,0.779,39,94.1,0.4,0.0,큰길(12m+)
35.1439,129.09,1,0.998,36,,,,개방
35.2126,129.0284,1,0.711,68,72.0,0.51,0.0,큰길(12m+)
35.1445,129.0904,1,1.0,1,,,,개방
35.215,129.0216,1,0.957,34,60.7,0.16,0.0,큰길(12m+)
35.1463,129.0933,1,1.0,1,,,,개방
35.2125,129.015,1,0.616,27,37.5,0.19,0.0,큰길(12m+)
35.1466,129.0942,1,0.999,41,,,,개방
35.1471,129.0947,1,0.998,50,,,,개방
35.2148,129.0078,1,0.969,70,,,,개방
35.1475,129.0951,1,0.998,25,,,,개방
35.1482,129.0957,1,0.99,34,,,,개방
35.2186,128.9839,1,0.999,38,,,,개방
35.1493,129.0959,1,0.995,8,,,,개방
35.2215,128.9756,1,0.999,9,,,,개방
35.2197,128.9669,1,0.996,45,63.0,0.07,0.0,큰길(12m+)
35.1584,129.1033,1,,0,,,,개방
35.2222,128.9542,1,0.997,8,,,,개방
35.1663,129.1064,1,,0,,,,개방
35.1184,129.0491,1,0.84,2,,,,개방
35.1741,129.1098,1,0.697,148,9.0,0.47,0.0,혼합골목(6-12m)
35.2245,128.9261,1,0.999,45,70.9,0.04,0.0,큰길(12m+)
35.1799,129.1152,1,0.973,25,,,,개방
35.2256,128.9108,1,0.999,36,80.7,0.03,0.0,큰길(12m+)
35.1814,129.1157,1,0.858,23,68.8,0.59,0.0,큰길(12m+)
35.2283,128.9047,1,0.992,26,68.3,0.04,0.0,큰길(12m+)
35.1812,129.1161,1,0.716,24,,,,개방
35.1807,129.1162,1,0.842,17,43.8,0.13,0.0,큰길(12m+)
35.2286,128.8902,2,0.667,46,16.9,0.75,0.0,큰길(12m+)
35.1778,129.1176,1,0.953,27,,,,개방
35.224,128.9061,2,,0,,,,개방
35.1744,129.1194,1,0.877,41,,,,개방
35.1743,129.1199,1,0.984,29,,,,개방
35.1762,129.1182,1,0.969,31,,,,개방
35.2279,128.9056,1,0.998,10,85.5,0.05,0.0,큰길(12m+)
35.1763,129.1248,1,0.725,6,64.1,0.57,0.0,큰길(12m+)
35.1368,129.0694,1,0.881,31,64.1,0.13,0.0,큰길(12m+)
35.2283,128.9055,1,0.993,20,,,,개방
35.1756,129.127,1,0.594,7,38.8,1.05,0.0,큰길(12m+)
35.2277,128.9056,1,0.999,8,90.7,0.05,0.0,큰길(12m+)
35.1765,129.1298,1,0.915,4,,,,개방
35.228,128.9056,1,0.998,11,,,,개방
35.2283,128.9048,1,0.991,23,59.5,0.05,0.0,큰길(12m+)
35.1715,129.134,2,0.812,16,41.1,0.24,0.0,큰길(12m+)
35.2281,128.9011,1,0.988,16,92.6,0.09,0.0,큰길(12m+)
35.1709,129.1348,1,0.962,8,,,,개방
35.1701,129.1337,1,0.864,6,79.7,0.21,0.0,큰길(12m+)
35.1706,129.133,1,0.581,6,41.9,1.4,0.0,큰길(12m+)
35.2254,128.8952,1,1.0,1,,,,개방
35.2333,128.8893,3,0.862,38,82.4,0.17,0.0,큰길(12m+)
35.1777,129.1181,1,0.984,15,,,,개방
35.2366,129.0818,1,0.799,45,27.1,0.1,1.5,큰길(12m+)
35.1715,129.1341,2,0.882,18,42.8,0.23,0.0,큰길(12m+)
35.2342,128.8931,1,0.821,71,38.1,0.22,0.0,큰길(12m+)
35.2367,129.0813,1,0.722,52,8.9,0.32,9.4,혼합골목(6-12m)
35.1703,129.1339,1,0.859,4,78.6,0.21,0.0,큰길(12m+)
35.2366,128.8954,2,0.977,42,58.6,0.12,0.0,큰길(12m+)
35.1706,129.1346,1,0.952,5,,,,개방
35.2408,128.8888,1,0.995,8,,,,개방
35.2425,128.8851,2,0.811,11,86.5,0.19,0.0,큰길(12m+)
35.2341,129.083,1,0.932,28,57.2,0.46,0.0,큰길(12m+)
35.2472,128.8762,1,0.921,17,31.4,0.18,0.0,큰길(12m+)
35.2339,129.0835,1,0.887,54,30.2,0.23,0.0,큰길(12m+)
35.2496,128.875,2,0.837,15,18.8,0.22,0.0,큰길(12m+)
35.2337,129.0839,1,0.892,70,47.3,0.18,0.0,큰길(12m+)
35.2324,129.0839,1,0.527,31,17.7,0.63,22.4,큰길(12m+)
35.2503,128.8725,1,0.796,45,34.2,0.12,1.3,큰길(12m+)
35.2326,129.0834,1,0.774,10,44.0,0.25,0.0,큰길(12m+)
35.2317,129.0842,1,0.874,52,53.2,0.32,0.0,큰길(12m+)
35.2321,129.0843,1,0.701,57,25.0,0.67,0.0,큰길(12m+)
35.2321,129.0842,1,0.551,48,24.6,0.51,0.0,큰길(12m+)
35.2324,129.085,2,0.537,112,13.1,1.07,0.0,큰길(12m+)
35.2546,128.865,1,0.279,13,19.9,2.53,3.8,큰길(12m+)
35.2324,129.0851,2,0.589,117,13.8,1.22,0.0,큰길(12m+)
35.2317,129.0851,1,0.132,104,1.0,7.08,0.0,보행골목(<6m)
35.2289,129.0847,1,0.819,95,15.6,0.45,0.0,큰길(12m+)
35.2312,129.0868,1,0.697,114,16.7,0.5,0.0,큰길(12m+)
35.2312,129.0882,1,0.459,116,16.0,0.61,0.0,큰길(12m+)
35.2311,129.0894,1,0.719,44,94.7,0.37,0.0,큰길(12m+)
35.2368,129.0922,1,0.934,61,52.7,0.11,0.0,큰길(12m+)
35.2373,129.0923,1,0.926,61,53.2,0.18,0.0,큰길(12m+)
35.2379,129.0925,1,0.946,57,60.8,0.23,0.0,큰길(12m+)
35.2556,128.868,2,0.79,18,15.5,0.45,0.0,큰길(12m+)
35.2559,128.8683,1,0.902,16,43.4,0.19,0.0,큰길(12m+)
35.2577,128.8683,2,0.253,14,11.5,5.61,5.2,혼합골목(6-12m)
35.2581,128.8681,2,0.488,19,47.4,1.48,0.0,큰길(12m+)
35.2583,128.868,3,0.581,21,44.0,1.72,0.0,큰길(12m+)
35.26,128.8669,4,0.877,15,53.9,0.21,0.0,큰길(12m+)
35.2612,128.8673,4,0.909,22,,,,개방
35.2371,129.0929,1,0.862,57,18.8,0.22,0.0,큰길(12m+)
35.2379,129.0927,3,0.906,51,19.7,0.36,0.0,큰길(12m+)
35.2369,129.0929,2,0.737,62,11.6,0.73,0.0,혼합골목(6-12m)
35.2621,128.8666,8,0.59,8,44.8,0.16,3.1,큰길(12m+)
35.2622,128.8656,6,0.979,34,59.1,0.17,0.0,큰길(12m+)
35.2372,129.0935,1,0.977,46,,,,개방
35.2661,128.8613,4,0.775,26,29.0,0.53,0.0,큰길(12m+)
35.2378,129.0924,2,0.936,63,52.7,0.27,0.0,큰길(12m+)
35.2665,128.8613,5,0.677,25,18.1,0.54,0.0,큰길(12m+)
35.2697,128.8636,6,0.875,40,35.7,0.08,0.0,큰길(12m+)
35.2374,129.093,2,0.939,52,22.3,0.19,0.0,큰길(12m+)
35.2379,129.0926,2,0.935,58,73.4,0.19,0.0,큰길(12m+)
35.1704,129.1342,1,0.932,2,80.1,0.21,0.0,큰길(12m+)
35.2698,128.8636,4,0.959,36,67.5,0.04,0.0,큰길(12m+)
35.2374,129.0932,4,0.936,47,14.5,0.29,0.0,큰길(12m+)
35.2712,128.8631,5,0.98,13,89.8,0.12,0.0,큰길(12m+)
35.1716,129.134,1,0.882,16,41.1,0.24,0.0,큰길(12m+)
35.2723,128.8637,5,0.958,8,,,,개방
35.1711,129.1322,1,0.479,9,43.5,2.38,0.0,큰길(12m+)
35.1716,129.1342,1,0.87,19,43.6,0.38,0.0,큰길(12m+)
35.1713,129.1346,1,0.937,18,51.4,0.16,0.0,큰길(12m+)
35.2734,128.8649,5,0.446,9,40.8,1.41,0.0,큰길(12m+)
35.1701,129.1373,1,0.9,18,81.4,0.17,0.0,큰길(12m+)
35.1696,129.1379,1,0.922,43,,,,개방
35.1697,129.1402,1,0.749,16,67.2,0.67,0.0,큰길(12m+)
35.2743,128.8649,3,0.532,9,,,,개방
35.1702,129.141,1,0.839,16,64.1,0.09,0.0,큰길(12m+)
35.2378,129.0932,2,0.678,41,23.4,0.3,0.0,큰길(12m+)
35.1689,129.1408,1,0.801,34,48.1,0.32,0.0,큰길(12m+)
35.2744,128.8646,1,0.795,10,,,,개방
35.1683,129.1444,1,0.405,17,18.7,0.3,0.0,큰길(12m+)
35.1698,129.142,1,0.461,21,35.3,0.83,0.0,큰길(12m+)
35.2731,128.8645,1,0.842,8,,,,개방
35.2672,128.8631,1,0.971,43,64.2,0.2,0.0,큰길(12m+)
35.169,129.1437,2,0.304,11,27.8,3.27,3.5,큰길(12m+)
35.1688,129.1433,2,0.426,14,48.0,1.61,0.0,큰길(12m+)
35.2646,128.8662,1,0.828,27,88.1,0.4,0.0,큰길(12m+)
35.1689,129.1438,2,0.512,10,37.7,2.41,0.0,큰길(12m+)
35.1685,129.1438,1,0.633,18,71.3,0.51,0.0,큰길(12m+)
35.2587,128.8673,1,0.886,43,76.8,0.51,0.0,큰길(12m+)
35.169,129.1439,1,0.495,6,16.9,5.39,0.0,큰길(12m+)
35.2573,128.8689,2,0.749,8,41.8,0.74,0.0,큰길(12m+)
35.1694,129.1438,1,0.736,5,,,,개방
35.1687,129.1435,1,0.28,15,29.4,2.62,0.0,큰길(12m+)
35.2549,128.8676,1,0.84,22,54.0,0.1,0.0,큰길(12m+)
35.2376,129.093,1,0.838,53,19.5,0.43,0.0,큰길(12m+)
35.2378,129.0928,2,0.56,53,21.4,0.33,0.0,큰길(12m+)
35.238,129.0923,1,0.887,53,53.1,0.18,0.0,큰길(12m+)
35.238,129.0924,1,0.934,54,53.1,0.18,0.0,큰길(12m+)
35.2386,129.0932,1,0.75,23,22.0,0.38,0.0,큰길(12m+)
35.2387,129.0928,1,0.956,24,76.6,0.13,0.0,큰길(12m+)
35.2386,129.0924,1,0.955,28,52.0,0.22,0.0,큰길(12m+)
35.2378,129.0926,3,0.815,56,52.7,0.27,0.0,큰길(12m+)
35.2385,129.0927,3,0.81,28,50.9,0.22,0.0,큰길(12m+)
35.2378,129.0925,2,0.922,60,52.7,0.27,0.0,큰길(12m+)
35.2384,129.0924,1,0.954,35,50.9,0.05,0.0,큰길(12m+)
35.238,129.0925,1,0.956,53,52.6,0.19,0.0,큰길(12m+)
35.2384,129.0926,1,0.949,31,50.8,0.11,0.0,큰길(12m+)
35.2373,129.0924,1,0.913,61,53.7,0.23,0.0,큰길(12m+)
35.2369,129.0923,1,0.945,58,52.2,0.13,0.0,큰길(12m+)
35.2426,129.0931,1,0.935,41,,,,개방
35.258,129.0918,1,0.798,44,35.0,0.08,0.0,큰길(12m+)
35.2582,129.0923,1,0.691,39,21.3,0.13,1.9,큰길(12m+)
35.2581,129.093,1,0.698,48,33.9,1.44,0.0,큰길(12m+)
35.258,129.0934,1,0.842,51,32.4,0.26,0.0,큰길(12m+)
35.258,129.0933,1,0.765,52,20.4,0.21,0.0,큰길(12m+)
35.2544,128.8678,1,0.977,40,,,,개방
35.1692,129.1438,1,0.465,5,27.9,3.26,0.0,큰길(12m+)
39.9753,116.3098,1,,0,,,,개방
35.2549,128.8677,1,0.703,23,31.2,0.99,0.0,큰길(12m+)
35.2583,129.0933,1,0.723,42,42.1,0.5,0.0,큰길(12m+)
35.2582,129.0933,1,0.781,45,36.5,0.58,0.0,큰길(12m+)
35.2587,129.092,1,0.907,22,30.8,0.09,0.0,큰길(12m+)
35.2179,129.085,1,0.885,40,,,,개방
35.2187,129.0841,9,0.062,28,1.9,43.34,5.7,보행골목(<6m)
35.1734,129.1161,3,0.722,144,19.2,0.58,0.0,큰길(12m+)
35.1729,129.116,1,0.601,164,9.8,1.0,0.0,혼합골목(6-12m)
35.1714,129.1161,1,0.836,166,17.7,0.32,0.0,큰길(12m+)
35.1701,129.1158,1,0.386,128,8.9,1.89,0.0,혼합골목(6-12m)
35.1689,129.1154,1,0.519,137,10.0,0.42,3.9,혼합골목(6-12m)
35.1693,129.1134,1,0.362,113,8.7,1.45,0.0,혼합골목(6-12m)
35.1696,129.1136,1,0.323,128,11.5,1.34,3.4,혼합골목(6-12m)
35.1694,129.1133,1,0.522,118,9.7,0.87,0.0,혼합골목(6-12m)
35.1685,129.1145,1,0.809,113,20.0,0.35,0.0,큰길(12m+)
35.1696,129.1157,1,0.527,135,7.4,1.51,0.0,혼합골목(6-12m)
35.1707,129.1162,1,0.792,160,14.1,0.5,0.0,큰길(12m+)
35.1727,129.1161,1,0.579,150,11.7,0.72,1.8,혼합골목(6-12m)
35.1724,129.1155,1,0.549,152,9.4,0.59,2.0,혼합골목(6-12m)
35.1731,129.1148,1,0.746,166,6.1,0.69,0.0,혼합골목(6-12m)
35.173,129.1157,1,0.631,165,7.3,0.76,0.0,혼합골목(6-12m)
35.2551,128.8674,1,0.894,19,54.4,0.1,0.0,큰길(12m+)
35.2552,128.8674,1,0.86,17,54.1,0.1,0.0,큰길(12m+)
35.2513,128.867,2,0.693,31,24.0,0.23,0.0,큰길(12m+)
35.1733,129.1169,1,0.885,135,13.4,0.31,0.0,큰길(12m+)
35.1735,129.116,1,0.578,138,18.8,0.37,1.8,큰길(12m+)
35.2288,128.8873,1,0.769,122,9.2,0.3,2.0,혼합골목(6-12m)
35.2279,128.8895,1,0.985,14,,,,개방
35.2254,128.8925,1,1.0,2,,,,개방
35.2281,128.9015,1,0.572,16,25.7,0.27,5.0,큰길(12m+)
35.2281,128.9047,1,0.995,20,,,,개방
35.224,128.8816,1,0.908,7,98.2,0.03,0.0,큰길(12m+)
35.2257,128.9109,1,0.993,39,43.6,0.06,0.0,큰길(12m+)
35.2238,128.9276,1,0.998,55,81.2,0.05,0.0,큰길(12m+)
35.2217,128.9412,1,0.999,6,,,,개방
35.2222,128.9539,1,1.0,11,,,,개방
35.2195,128.9628,1,0.968,75,40.7,0.14,0.0,큰길(12m+)
35.2216,128.9761,1,0.804,18,14.3,0.2,2.5,큰길(12m+)
35.218,128.9884,1,0.993,53,89.3,0.03,0.0,큰길(12m+)
35.2149,129.0042,1,0.953,16,,,,개방
35.2149,129.0071,1,0.987,44,,,,개방
35.2129,129.0122,1,0.599,47,40.2,0.87,0.0,큰길(12m+)
35.2149,129.0237,1,0.907,36,71.5,0.43,0.0,큰길(12m+)
35.2131,129.0323,1,0.873,31,91.5,0.41,0.0,큰길(12m+)
35.2129,129.0378,1,0.884,29,102.5,0.37,0.0,큰길(12m+)
35.2131,129.0432,1,0.999,6,,,,개방
35.2097,129.0638,1,0.843,48,70.8,0.63,0.0,큰길(12m+)
35.2082,129.0683,1,0.858,10,,,,개방
35.2083,129.0697,1,0.89,28,,,,개방
35.1823,129.1037,1,0.606,44,26.6,1.21,0.0,큰길(12m+)
35.2059,129.0744,1,0.831,79,33.1,0.42,0.0,큰길(12m+)
35.2051,129.0763,2,0.802,73,35.1,0.36,0.0,큰길(12m+)
35.2039,129.0767,1,0.401,50,10.0,1.26,0.0,혼합골목(6-12m)
35.2006,129.0801,1,0.608,10,26.8,0.73,0.0,큰길(12m+)
35.1995,129.0809,1,0.546,11,65.3,0.21,2.0,큰길(12m+)
35.1959,129.0826,1,0.793,21,35.6,0.16,0.0,큰길(12m+)
35.1957,129.0848,1,0.903,64,43.4,0.1,0.0,큰길(12m+)
35.1951,129.0899,1,0.744,32,8.8,0.48,0.0,혼합골목(6-12m)
35.1922,129.0892,1,0.936,46,91.1,0.05,0.0,큰길(12m+)
35.1909,129.0901,1,0.886,75,37.7,0.33,0.0,큰길(12m+)
35.1896,129.0922,1,0.851,88,35.2,0.32,0.0,큰길(12m+)
35.1734,129.1153,1,0.37,172,1.7,3.24,0.0,보행골목(<6m)
35.1734,129.1159,1,0.856,146,24.6,0.4,0.0,큰길(12m+)
35.1734,129.1152,1,0.549,178,8.2,0.68,1.9,혼합골목(6-12m)
35.1714,129.1199,1,0.9,123,24.8,0.23,0.0,큰길(12m+)
35.1716,129.1205,1,0.818,75,23.7,0.24,0.0,큰길(12m+)
35.1721,129.1213,1,0.858,20,,,,개방
35.1712,129.1218,1,0.656,6,,,,개방
35.1659,129.125,1,0.934,4,,,,개방
35.1652,129.1262,1,0.945,2,,,,개방
35.165,129.131,1,0.842,2,,,,개방
35.1646,129.1314,1,0.947,1,,,,개방
35.1648,129.1311,1,0.889,2,,,,개방
35.1664,129.1344,1,0.799,7,73.6,0.84,0.0,큰길(12m+)
35.1666,129.1349,1,0.884,4,,,,개방
35.1694,129.138,1,0.911,40,,,,개방
35.1694,129.1384,1,0.728,43,7.6,0.74,0.0,혼합골목(6-12m)
35.2313,129.0806,2,0.999,8,92.4,0.03,0.0,큰길(12m+)
35.1685,129.1386,1,0.993,4,,,,개방
35.1702,129.1399,1,0.828,30,79.9,0.61,0.0,큰길(12m+)
35.1706,129.1403,1,0.886,25,,,,개방
35.1702,129.1409,1,0.847,15,65.5,0.68,0.0,큰길(12m+)
35.1686,129.1411,1,0.888,38,40.8,0.1,0.0,큰길(12m+)
35.1682,129.1442,1,0.731,18,40.1,0.17,0.0,큰길(12m+)
35.1685,129.1447,1,0.531,15,25.4,3.19,0.0,큰길(12m+)
35.2186,129.0844,1,0.586,22,32.0,1.31,0.0,큰길(12m+)
35.2189,129.0837,1,0.15,43,4.9,6.84,7.1,보행골목(<6m)
35.1688,129.1428,1,0.587,26,47.4,0.86,0.0,큰길(12m+)
35.1898,129.0932,1,0.727,92,15.2,2.03,0.0,큰길(12m+)
35.1896,129.0925,1,0.656,85,30.0,0.19,1.0,큰길(12m+)
35.1897,129.0919,1,0.903,90,31.7,0.18,0.0,큰길(12m+)
35.1902,129.0911,1,0.916,88,30.8,0.18,0.0,큰길(12m+)
35.1904,129.0906,1,0.944,87,35.1,0.16,0.0,큰길(12m+)
35.1914,129.0899,1,0.908,63,47.0,0.24,0.0,큰길(12m+)
35.1929,129.0896,1,0.453,23,17.1,0.16,0.0,큰길(12m+)
35.1947,129.0879,1,0.93,48,40.0,0.24,0.0,큰길(12m+)
35.1951,129.0876,1,0.932,62,30.2,0.23,0.0,큰길(12m+)
35.1988,129.0853,1,0.954,24,,,,개방
35.2,129.0844,1,0.775,55,61.5,0.32,0.0,큰길(12m+)
35.2023,129.0826,1,0.699,51,34.5,0.77,0.0,큰길(12m+)
35.204,129.0798,1,0.889,63,17.8,0.16,0.0,큰길(12m+)
35.204,129.0792,1,0.811,63,36.1,0.12,0.0,큰길(12m+)
35.2049,129.0768,1,0.373,56,13.1,1.17,6.9,큰길(12m+)
35.2066,129.0729,1,0.881,75,42.8,0.23,0.0,큰길(12m+)
35.2086,129.073,1,0.916,68,31.0,0.27,0.0,큰길(12m+)
35.2184,129.0838,1,0.287,32,9.1,5.07,1.9,혼합골목(6-12m)
35.209,129.073,1,0.775,59,29.1,0.34,0.0,큰길(12m+)
35.2094,129.0706,1,0.864,37,57.4,0.76,0.0,큰길(12m+)
35.2098,129.0703,2,0.793,17,,,,개방
35.2104,129.0706,1,0.64,8,89.6,0.87,0.0,큰길(12m+)
35.2092,129.0724,1,0.805,68,38.9,0.11,0.0,큰길(12m+)
35.2108,129.0708,1,0.653,8,80.0,0.98,0.0,큰길(12m+)
35.212,129.0704,1,0.792,13,,,,개방
35.2118,129.071,1,0.87,33,,,,개방
35.2088,129.0717,1,0.868,113,29.2,0.29,0.0,큰길(12m+)
35.2188,129.0851,1,0.848,30,,,,개방
35.2139,129.072,1,0.739,47,32.5,0.6,0.0,큰길(12m+)
35.2172,129.0735,1,0.967,46,,,,개방
35.2187,129.0782,1,0.769,52,53.5,0.84,0.0,큰길(12m+)
35.221,129.0766,1,0.888,20,47.8,0.91,0.0,큰길(12m+)
35.2269,129.0778,1,0.772,40,37.5,0.41,0.0,큰길(12m+)
35.2293,129.0772,1,0.553,71,10.1,1.11,0.0,혼합골목(6-12m)
35.2312,129.0764,1,0.986,29,68.2,0.08,0.0,큰길(12m+)
35.2312,129.0864,1,0.779,113,39.1,0.21,0.0,큰길(12m+)
35.2314,129.0857,1,0.494,114,16.5,1.02,0.0,큰길(12m+)
35.2314,129.0852,1,0.756,106,19.2,0.36,0.0,큰길(12m+)
35.2315,129.0847,1,0.841,85,31.2,0.27,0.0,큰길(12m+)
35.2315,129.0809,1,1.0,9,,,,개방
35.2316,129.0801,1,0.996,7,41.5,0.07,0.0,큰길(12m+)
35.2552,129.0914,1,0.576,56,45.7,1.41,0.0,큰길(12m+)
35.2306,129.0797,6,0.942,33,46.1,0.06,0.0,큰길(12m+)
35.2303,129.0795,1,0.822,45,25.8,0.16,0.0,큰길(12m+)
35.2301,129.0788,1,0.604,58,16.2,0.95,0.0,큰길(12m+)
35.2297,129.0786,1,0.659,56,15.5,0.91,0.0,큰길(12m+)
35.2293,129.0782,1,0.459,73,6.1,1.38,0.0,혼합골목(6-12m)
35.2284,129.0774,1,0.858,75,43.5,0.26,0.0,큰길(12m+)
35.2289,129.0781,1,0.23,71,3.0,5.55,3.1,보행골목(<6m)
35.2279,129.0769,1,0.523,63,9.8,0.99,0.0,혼합골목(6-12m)
35.2275,129.0764,1,0.504,54,6.9,1.63,0.0,혼합골목(6-12m)
35.2278,129.0768,1,0.544,61,9.6,1.16,0.0,혼합골목(6-12m)
35.2268,129.0755,2,0.686,12,30.3,0.37,0.0,큰길(12m+)
35.2272,129.0757,1,0.562,29,17.4,0.89,0.0,큰길(12m+)
35.2269,129.0755,1,0.694,14,46.3,0.27,0.0,큰길(12m+)
35.2266,129.0756,5,0.42,10,1.4,11.81,0.0,보행골목(<6m)
35.2287,129.0776,2,0.779,75,19.4,0.65,0.0,큰길(12m+)
35.2265,129.0756,1,0.852,9,,,,개방
